,score_dif,time_constraint,in_distrib,time_x_distrib,userid,gridnum
0,-1,-0.5,-0.5,0.25,0,0
1,-1,-0.5,-0.5,0.25,0,1
2,0,-0.5,-0.5,0.25,0,2
3,-3,-0.5,0.5,-0.25,0,3
4,0,-0.5,-0.5,0.25,0,4
5,0,-0.5,-0.5,0.25,0,5
6,0,-0.5,-0.5,0.25,0,6
7,0,-0.5,-0.5,0.25,0,7
8,0,-0.5,-0.5,0.25,0,8
9,0,-0.5,-0.5,0.25,0,9
10,0,-0.5,-0.5,0.25,0,10
11,0,-0.5,-0.5,0.25,0,11
12,-1,-0.5,0.5,-0.25,0,12
13,0,-0.5,-0.5,0.25,0,13
14,0,-0.5,0.5,-0.25,0,14
15,0,-0.5,-0.5,0.25,0,15
16,0,-0.5,-0.5,0.25,0,16
17,0,-0.5,-0.5,0.25,0,17
18,0,-0.5,-0.5,0.25,0,18
19,0,-0.5,-0.5,0.25,0,19
20,0,-0.5,-0.5,0.25,0,20
21,0,-0.5,-0.5,0.25,0,21
22,0,-0.5,-0.5,0.25,0,22
23,0,-0.5,-0.5,0.25,0,23
24,-2,-0.5,-0.5,0.25,0,24
25,-1,-0.5,-0.5,0.25,0,25
26,0,-0.5,-0.5,0.25,0,26
27,0,-0.5,-0.5,0.25,0,27
28,0,-0.5,-0.5,0.25,0,28
29,0,-0.5,-0.5,0.25,0,29
30,0,-0.5,0.5,-0.25,0,30
31,0,-0.5,0.5,-0.25,0,31
32,0,-0.5,0.5,-0.25,0,32
33,0,-0.5,-0.5,0.25,1,0
34,-1,-0.5,-0.5,0.25,1,1
35,0,-0.5,-0.5,0.25,1,2
36,-3,-0.5,0.5,-0.25,1,3
37,0,-0.5,-0.5,0.25,1,4
38,0,-0.5,-0.5,0.25,1,5
39,0,-0.5,-0.5,0.25,1,6
40,0,-0.5,-0.5,0.25,1,7
41,0,-0.5,-0.5,0.25,1,8
42,0,-0.5,-0.5,0.25,1,9
43,0,-0.5,-0.5,0.25,1,10
44,0,-0.5,-0.5,0.25,1,11
45,-1,-0.5,0.5,-0.25,1,12
46,0,-0.5,-0.5,0.25,1,13
47,-1,-0.5,0.5,-0.25,1,14
48,0,-0.5,-0.5,0.25,1,15
49,0,-0.5,-0.5,0.25,1,16
50,-1,-0.5,-0.5,0.25,1,17
51,0,-0.5,-0.5,0.25,1,18
52,0,-0.5,-0.5,0.25,1,19
53,0,-0.5,-0.5,0.25,1,20
54,0,-0.5,-0.5,0.25,1,21
55,0,-0.5,-0.5,0.25,1,22
56,0,-0.5,-0.5,0.25,1,23
57,-2,-0.5,-0.5,0.25,1,24
58,0,-0.5,-0.5,0.25,1,25
59,0,-0.5,-0.5,0.25,1,26
60,0,-0.5,-0.5,0.25,1,27
61,0,-0.5,-0.5,0.25,1,28
62,0,-0.5,-0.5,0.25,1,29
63,0,-0.5,0.5,-0.25,1,30
64,0,-0.5,0.5,-0.25,1,31
65,0,-0.5,0.5,-0.25,1,32
66,0,-0.5,-0.5,0.25,2,0
67,-1,-0.5,-0.5,0.25,2,1
68,0,-0.5,-0.5,0.25,2,2
69,-3,-0.5,0.5,-0.25,2,3
70,-2,-0.5,-0.5,0.25,2,4
71,0,-0.5,-0.5,0.25,2,5
72,0,-0.5,-0.5,0.25,2,6
73,0,-0.5,-0.5,0.25,2,7
74,0,-0.5,-0.5,0.25,2,8
75,0,-0.5,-0.5,0.25,2,9
76,0,-0.5,-0.5,0.25,2,10
77,0,-0.5,-0.5,0.25,2,11
78,-1,-0.5,0.5,-0.25,2,12
79,0,-0.5,-0.5,0.25,2,13
80,0,-0.5,0.5,-0.25,2,14
81,0,-0.5,-0.5,0.25,2,15
82,0,-0.5,-0.5,0.25,2,16
83,0,-0.5,-0.5,0.25,2,17
84,0,-0.5,-0.5,0.25,2,18
85,0,-0.5,-0.5,0.25,2,19
86,0,-0.5,-0.5,0.25,2,20
87,0,-0.5,-0.5,0.25,2,21
88,0,-0.5,-0.5,0.25,2,22
89,0,-0.5,-0.5,0.25,2,23
90,0,-0.5,-0.5,0.25,2,24
91,0,-0.5,-0.5,0.25,2,25
92,0,-0.5,-0.5,0.25,2,26
93,0,-0.5,-0.5,0.25,2,27
94,0,-0.5,-0.5,0.25,2,28
95,0,-0.5,-0.5,0.25,2,29
96,-2,-0.5,0.5,-0.25,2,30
97,0,-0.5,0.5,-0.25,2,31
98,0,-0.5,0.5,-0.25,2,32
99,0,-0.5,-0.5,0.25,3,0
100,-1,-0.5,-0.5,0.25,3,1
101,-2,-0.5,-0.5,0.25,3,2
102,-3,-0.5,0.5,-0.25,3,3
103,0,-0.5,-0.5,0.25,3,4
104,0,-0.5,-0.5,0.25,3,5
105,0,-0.5,-0.5,0.25,3,6
106,0,-0.5,-0.5,0.25,3,7
107,0,-0.5,-0.5,0.25,3,8
108,0,-0.5,-0.5,0.25,3,9
109,0,-0.5,-0.5,0.25,3,10
110,0,-0.5,-0.5,0.25,3,11
111,-1,-0.5,0.5,-0.25,3,12
112,0,-0.5,-0.5,0.25,3,13
113,0,-0.5,0.5,-0.25,3,14
114,0,-0.5,-0.5,0.25,3,15
115,0,-0.5,-0.5,0.25,3,16
116,0,-0.5,-0.5,0.25,3,17
117,0,-0.5,-0.5,0.25,3,18
118,0,-0.5,-0.5,0.25,3,19
119,0,-0.5,-0.5,0.25,3,20
120,0,-0.5,-0.5,0.25,3,21
121,0,-0.5,-0.5,0.25,3,22
122,0,-0.5,-0.5,0.25,3,23
123,0,-0.5,-0.5,0.25,3,24
124,0,-0.5,-0.5,0.25,3,25
125,0,-0.5,-0.5,0.25,3,26
126,0,-0.5,-0.5,0.25,3,27
127,0,-0.5,-0.5,0.25,3,28
128,0,-0.5,-0.5,0.25,3,29
129,0,-0.5,0.5,-0.25,3,30
130,0,-0.5,0.5,-0.25,3,31
131,0,-0.5,0.5,-0.25,3,32
132,0,-0.5,-0.5,0.25,4,0
133,-1,-0.5,-0.5,0.25,4,1
134,0,-0.5,-0.5,0.25,4,2
135,-3,-0.5,0.5,-0.25,4,3
136,0,-0.5,-0.5,0.25,4,4
137,0,-0.5,-0.5,0.25,4,5
138,0,-0.5,-0.5,0.25,4,6
139,0,-0.5,-0.5,0.25,4,7
140,0,-0.5,-0.5,0.25,4,8
141,0,-0.5,-0.5,0.25,4,9
142,0,-0.5,-0.5,0.25,4,10
143,0,-0.5,-0.5,0.25,4,11
144,-1,-0.5,0.5,-0.25,4,12
145,0,-0.5,-0.5,0.25,4,13
146,0,-0.5,0.5,-0.25,4,14
147,0,-0.5,-0.5,0.25,4,15
148,0,-0.5,-0.5,0.25,4,16
149,0,-0.5,-0.5,0.25,4,17
150,0,-0.5,-0.5,0.25,4,18
151,0,-0.5,-0.5,0.25,4,19
152,0,-0.5,-0.5,0.25,4,20
153,0,-0.5,-0.5,0.25,4,21
154,0,-0.5,-0.5,0.25,4,22
155,0,-0.5,-0.5,0.25,4,23
156,0,-0.5,-0.5,0.25,4,24
157,0,-0.5,-0.5,0.25,4,25
158,0,-0.5,-0.5,0.25,4,26
159,0,-0.5,-0.5,0.25,4,27
160,0,-0.5,-0.5,0.25,4,28
161,0,-0.5,-0.5,0.25,4,29
162,0,-0.5,0.5,-0.25,4,30
163,0,-0.5,0.5,-0.25,4,31
164,0,-0.5,0.5,-0.25,4,32
165,0,-0.5,-0.5,0.25,5,0
166,-1,-0.5,-0.5,0.25,5,1
167,0,-0.5,-0.5,0.25,5,2
168,-3,-0.5,0.5,-0.25,5,3
169,0,-0.5,-0.5,0.25,5,4
170,0,-0.5,-0.5,0.25,5,5
171,0,-0.5,-0.5,0.25,5,6
172,0,-0.5,-0.5,0.25,5,7
173,0,-0.5,-0.5,0.25,5,8
174,0,-0.5,-0.5,0.25,5,9
175,0,-0.5,-0.5,0.25,5,10
176,0,-0.5,-0.5,0.25,5,11
177,-1,-0.5,0.5,-0.25,5,12
178,0,-0.5,-0.5,0.25,5,13
179,0,-0.5,0.5,-0.25,5,14
180,-2,-0.5,-0.5,0.25,5,15
181,0,-0.5,-0.5,0.25,5,16
182,-1,-0.5,-0.5,0.25,5,17
183,0,-0.5,-0.5,0.25,5,18
184,0,-0.5,-0.5,0.25,5,19
185,0,-0.5,-0.5,0.25,5,20
186,0,-0.5,-0.5,0.25,5,21
187,0,-0.5,-0.5,0.25,5,22
188,0,-0.5,-0.5,0.25,5,23
189,0,-0.5,-0.5,0.25,5,24
190,0,-0.5,-0.5,0.25,5,25
191,0,-0.5,-0.5,0.25,5,26
192,0,-0.5,-0.5,0.25,5,27
193,0,-0.5,-0.5,0.25,5,28
194,0,-0.5,-0.5,0.25,5,29
195,0,-0.5,0.5,-0.25,5,30
196,0,-0.5,0.5,-0.25,5,31
197,0,-0.5,0.5,-0.25,5,32
198,0,-0.5,-0.5,0.25,6,0
199,0,-0.5,-0.5,0.25,6,1
200,0,-0.5,-0.5,0.25,6,2
201,0,-0.5,0.5,-0.25,6,3
202,0,-0.5,-0.5,0.25,6,4
203,0,-0.5,-0.5,0.25,6,5
204,0,-0.5,-0.5,0.25,6,6
205,0,-0.5,-0.5,0.25,6,7
206,0,-0.5,-0.5,0.25,6,8
207,0,-0.5,-0.5,0.25,6,9
208,0,-0.5,-0.5,0.25,6,10
209,0,-0.5,-0.5,0.25,6,11
210,-1,-0.5,0.5,-0.25,6,12
211,0,-0.5,-0.5,0.25,6,13
212,-1,-0.5,0.5,-0.25,6,14
213,0,-0.5,-0.5,0.25,6,15
214,0,-0.5,-0.5,0.25,6,16
215,0,-0.5,-0.5,0.25,6,17
216,0,-0.5,-0.5,0.25,6,18
217,0,-0.5,-0.5,0.25,6,19
218,0,-0.5,-0.5,0.25,6,20
219,0,-0.5,-0.5,0.25,6,21
220,0,-0.5,-0.5,0.25,6,22
221,0,-0.5,-0.5,0.25,6,23
222,0,-0.5,-0.5,0.25,6,24
223,-1,-0.5,-0.5,0.25,6,25
224,0,-0.5,-0.5,0.25,6,26
225,0,-0.5,-0.5,0.25,6,27
226,0,-0.5,-0.5,0.25,6,28
227,0,-0.5,-0.5,0.25,6,29
228,0,-0.5,0.5,-0.25,6,30
229,0,-0.5,0.5,-0.25,6,31
230,0,-0.5,0.5,-0.25,6,32
231,0,-0.5,-0.5,0.25,7,0
232,-1,-0.5,-0.5,0.25,7,1
233,0,-0.5,-0.5,0.25,7,2
234,-3,-0.5,0.5,-0.25,7,3
235,0,-0.5,-0.5,0.25,7,4
236,0,-0.5,-0.5,0.25,7,5
237,0,-0.5,-0.5,0.25,7,6
238,0,-0.5,-0.5,0.25,7,7
239,0,-0.5,-0.5,0.25,7,8
240,0,-0.5,-0.5,0.25,7,9
241,0,-0.5,-0.5,0.25,7,10
242,0,-0.5,-0.5,0.25,7,11
243,0,-0.5,0.5,-0.25,7,12
244,0,-0.5,-0.5,0.25,7,13
245,0,-0.5,0.5,-0.25,7,14
246,0,-0.5,-0.5,0.25,7,15
247,0,-0.5,-0.5,0.25,7,16
248,0,-0.5,-0.5,0.25,7,17
249,0,-0.5,-0.5,0.25,7,18
250,0,-0.5,-0.5,0.25,7,19
251,0,-0.5,-0.5,0.25,7,20
252,0,-0.5,-0.5,0.25,7,21
253,0,-0.5,-0.5,0.25,7,22
254,0,-0.5,-0.5,0.25,7,23
255,0,-0.5,-0.5,0.25,7,24
256,0,-0.5,-0.5,0.25,7,25
257,0,-0.5,-0.5,0.25,7,26
258,0,-0.5,-0.5,0.25,7,27
259,0,-0.5,-0.5,0.25,7,28
260,0,-0.5,-0.5,0.25,7,29
261,-2,-0.5,0.5,-0.25,7,30
262,0,-0.5,0.5,-0.25,7,31
263,0,-0.5,0.5,-0.25,7,32
264,0,-0.5,-0.5,0.25,8,0
265,-1,-0.5,-0.5,0.25,8,1
266,0,-0.5,-0.5,0.25,8,2
267,0,-0.5,0.5,-0.25,8,3
268,0,-0.5,-0.5,0.25,8,4
269,0,-0.5,-0.5,0.25,8,5
270,0,-0.5,-0.5,0.25,8,6
271,0,-0.5,-0.5,0.25,8,7
272,0,-0.5,-0.5,0.25,8,8
273,0,-0.5,-0.5,0.25,8,9
274,0,-0.5,-0.5,0.25,8,10
275,0,-0.5,-0.5,0.25,8,11
276,0,-0.5,0.5,-0.25,8,12
277,0,-0.5,-0.5,0.25,8,13
278,-1,-0.5,0.5,-0.25,8,14
279,-2,-0.5,-0.5,0.25,8,15
280,0,-0.5,-0.5,0.25,8,16
281,0,-0.5,-0.5,0.25,8,17
282,0,-0.5,-0.5,0.25,8,18
283,0,-0.5,-0.5,0.25,8,19
284,0,-0.5,-0.5,0.25,8,20
285,0,-0.5,-0.5,0.25,8,21
286,0,-0.5,-0.5,0.25,8,22
287,0,-0.5,-0.5,0.25,8,23
288,0,-0.5,-0.5,0.25,8,24
289,-1,-0.5,-0.5,0.25,8,25
290,0,-0.5,-0.5,0.25,8,26
291,0,-0.5,-0.5,0.25,8,27
292,0,-0.5,-0.5,0.25,8,28
293,0,-0.5,-0.5,0.25,8,29
294,0,-0.5,0.5,-0.25,8,30
295,0,-0.5,0.5,-0.25,8,31
296,0,-0.5,0.5,-0.25,8,32
297,0,-0.5,-0.5,0.25,9,0
298,-1,-0.5,-0.5,0.25,9,1
299,0,-0.5,-0.5,0.25,9,2
300,-3,-0.5,0.5,-0.25,9,3
301,0,-0.5,-0.5,0.25,9,4
302,0,-0.5,-0.5,0.25,9,5
303,0,-0.5,-0.5,0.25,9,6
304,0,-0.5,-0.5,0.25,9,7
305,0,-0.5,-0.5,0.25,9,8
306,0,-0.5,-0.5,0.25,9,9
307,0,-0.5,-0.5,0.25,9,10
308,0,-0.5,-0.5,0.25,9,11
309,-1,-0.5,0.5,-0.25,9,12
310,0,-0.5,-0.5,0.25,9,13
311,0,-0.5,0.5,-0.25,9,14
312,0,-0.5,-0.5,0.25,9,15
313,0,-0.5,-0.5,0.25,9,16
314,-1,-0.5,-0.5,0.25,9,17
315,0,-0.5,-0.5,0.25,9,18
316,0,-0.5,-0.5,0.25,9,19
317,0,-0.5,-0.5,0.25,9,20
318,0,-0.5,-0.5,0.25,9,21
319,0,-0.5,-0.5,0.25,9,22
320,0,-0.5,-0.5,0.25,9,23
321,0,-0.5,-0.5,0.25,9,24
322,-1,-0.5,-0.5,0.25,9,25
323,0,-0.5,-0.5,0.25,9,26
324,0,-0.5,-0.5,0.25,9,27
325,0,-0.5,-0.5,0.25,9,28
326,0,-0.5,-0.5,0.25,9,29
327,-2,-0.5,0.5,-0.25,9,30
328,0,-0.5,0.5,-0.25,9,31
329,0,-0.5,0.5,-0.25,9,32
330,0,-0.5,-0.5,0.25,10,0
331,-1,-0.5,-0.5,0.25,10,1
332,0,-0.5,-0.5,0.25,10,2
333,-3,-0.5,0.5,-0.25,10,3
334,0,-0.5,-0.5,0.25,10,4
335,-2,-0.5,-0.5,0.25,10,5
336,0,-0.5,-0.5,0.25,10,6
337,0,-0.5,-0.5,0.25,10,7
338,0,-0.5,-0.5,0.25,10,8
339,0,-0.5,-0.5,0.25,10,9
340,0,-0.5,-0.5,0.25,10,10
341,0,-0.5,-0.5,0.25,10,11
342,-1,-0.5,0.5,-0.25,10,12
343,0,-0.5,-0.5,0.25,10,13
344,0,-0.5,0.5,-0.25,10,14
345,0,-0.5,-0.5,0.25,10,15
346,0,-0.5,-0.5,0.25,10,16
347,0,-0.5,-0.5,0.25,10,17
348,0,-0.5,-0.5,0.25,10,18
349,0,-0.5,-0.5,0.25,10,19
350,0,-0.5,-0.5,0.25,10,20
351,0,-0.5,-0.5,0.25,10,21
352,0,-0.5,-0.5,0.25,10,22
353,0,-0.5,-0.5,0.25,10,23
354,0,-0.5,-0.5,0.25,10,24
355,0,-0.5,-0.5,0.25,10,25
356,0,-0.5,-0.5,0.25,10,26
357,0,-0.5,-0.5,0.25,10,27
358,0,-0.5,-0.5,0.25,10,28
359,0,-0.5,-0.5,0.25,10,29
360,0,-0.5,0.5,-0.25,10,30
361,0,-0.5,0.5,-0.25,10,31
362,0,-0.5,0.5,-0.25,10,32
363,0,-0.5,-0.5,0.25,11,0
364,-1,-0.5,-0.5,0.25,11,1
365,0,-0.5,-0.5,0.25,11,2
366,-3,-0.5,0.5,-0.25,11,3
367,0,-0.5,-0.5,0.25,11,4
368,0,-0.5,-0.5,0.25,11,5
369,0,-0.5,-0.5,0.25,11,6
370,0,-0.5,-0.5,0.25,11,7
371,0,-0.5,-0.5,0.25,11,8
372,0,-0.5,-0.5,0.25,11,9
373,0,-0.5,-0.5,0.25,11,10
374,0,-0.5,-0.5,0.25,11,11
375,-1,-0.5,0.5,-0.25,11,12
376,0,-0.5,-0.5,0.25,11,13
377,0,-0.5,0.5,-0.25,11,14
378,0,-0.5,-0.5,0.25,11,15
379,-2,-0.5,-0.5,0.25,11,16
380,0,-0.5,-0.5,0.25,11,17
381,0,-0.5,-0.5,0.25,11,18
382,0,-0.5,-0.5,0.25,11,19
383,0,-0.5,-0.5,0.25,11,20
384,0,-0.5,-0.5,0.25,11,21
385,0,-0.5,-0.5,0.25,11,22
386,0,-0.5,-0.5,0.25,11,23
387,0,-0.5,-0.5,0.25,11,24
388,-1,-0.5,-0.5,0.25,11,25
389,0,-0.5,-0.5,0.25,11,26
390,0,-0.5,-0.5,0.25,11,27
391,0,-0.5,-0.5,0.25,11,28
392,0,-0.5,-0.5,0.25,11,29
393,0,-0.5,0.5,-0.25,11,30
394,0,-0.5,0.5,-0.25,11,31
395,0,-0.5,0.5,-0.25,11,32
396,0,-0.5,-0.5,0.25,12,0
397,-1,-0.5,-0.5,0.25,12,1
398,0,-0.5,-0.5,0.25,12,2
399,-3,-0.5,0.5,-0.25,12,3
400,0,-0.5,-0.5,0.25,12,4
401,0,-0.5,-0.5,0.25,12,5
402,0,-0.5,-0.5,0.25,12,6
403,0,-0.5,-0.5,0.25,12,7
404,0,-0.5,-0.5,0.25,12,8
405,0,-0.5,-0.5,0.25,12,9
406,0,-0.5,-0.5,0.25,12,10
407,0,-0.5,-0.5,0.25,12,11
408,-1,-0.5,0.5,-0.25,12,12
409,0,-0.5,-0.5,0.25,12,13
410,0,-0.5,0.5,-0.25,12,14
411,0,-0.5,-0.5,0.25,12,15
412,0,-0.5,-0.5,0.25,12,16
413,0,-0.5,-0.5,0.25,12,17
414,0,-0.5,-0.5,0.25,12,18
415,0,-0.5,-0.5,0.25,12,19
416,0,-0.5,-0.5,0.25,12,20
417,0,-0.5,-0.5,0.25,12,21
418,0,-0.5,-0.5,0.25,12,22
419,0,-0.5,-0.5,0.25,12,23
420,-2,-0.5,-0.5,0.25,12,24
421,0,-0.5,-0.5,0.25,12,25
422,0,-0.5,-0.5,0.25,12,26
423,0,-0.5,-0.5,0.25,12,27
424,0,-0.5,-0.5,0.25,12,28
425,0,-0.5,-0.5,0.25,12,29
426,-2,-0.5,0.5,-0.25,12,30
427,0,-0.5,0.5,-0.25,12,31
428,0,-0.5,0.5,-0.25,12,32
429,0,-0.5,-0.5,0.25,13,0
430,-1,-0.5,-0.5,0.25,13,1
431,-2,-0.5,-0.5,0.25,13,2
432,-3,-0.5,0.5,-0.25,13,3
433,0,-0.5,-0.5,0.25,13,4
434,0,-0.5,-0.5,0.25,13,5
435,0,-0.5,-0.5,0.25,13,6
436,0,-0.5,-0.5,0.25,13,7
437,0,-0.5,-0.5,0.25,13,8
438,0,-0.5,-0.5,0.25,13,9
439,0,-0.5,-0.5,0.25,13,10
440,0,-0.5,-0.5,0.25,13,11
441,-1,-0.5,0.5,-0.25,13,12
442,0,-0.5,-0.5,0.25,13,13
443,-1,-0.5,0.5,-0.25,13,14
444,0,-0.5,-0.5,0.25,13,15
445,0,-0.5,-0.5,0.25,13,16
446,0,-0.5,-0.5,0.25,13,17
447,0,-0.5,-0.5,0.25,13,18
448,0,-0.5,-0.5,0.25,13,19
449,0,-0.5,-0.5,0.25,13,20
450,0,-0.5,-0.5,0.25,13,21
451,0,-0.5,-0.5,0.25,13,22
452,0,-0.5,-0.5,0.25,13,23
453,0,-0.5,-0.5,0.25,13,24
454,0,-0.5,-0.5,0.25,13,25
455,0,-0.5,-0.5,0.25,13,26
456,0,-0.5,-0.5,0.25,13,27
457,0,-0.5,-0.5,0.25,13,28
458,0,-0.5,-0.5,0.25,13,29
459,0,-0.5,0.5,-0.25,13,30
460,0,-0.5,0.5,-0.25,13,31
461,0,-0.5,0.5,-0.25,13,32
462,0,-0.5,-0.5,0.25,14,0
463,-1,-0.5,-0.5,0.25,14,1
464,0,-0.5,-0.5,0.25,14,2
465,-3,-0.5,0.5,-0.25,14,3
466,0,-0.5,-0.5,0.25,14,4
467,0,-0.5,-0.5,0.25,14,5
468,0,-0.5,-0.5,0.25,14,6
469,0,-0.5,-0.5,0.25,14,7
470,0,-0.5,-0.5,0.25,14,8
471,0,-0.5,-0.5,0.25,14,9
472,0,-0.5,-0.5,0.25,14,10
473,0,-0.5,-0.5,0.25,14,11
474,-1,-0.5,0.5,-0.25,14,12
475,0,-0.5,-0.5,0.25,14,13
476,-1,-0.5,0.5,-0.25,14,14
477,0,-0.5,-0.5,0.25,14,15
478,0,-0.5,-0.5,0.25,14,16
479,0,-0.5,-0.5,0.25,14,17
480,0,-0.5,-0.5,0.25,14,18
481,0,-0.5,-0.5,0.25,14,19
482,0,-0.5,-0.5,0.25,14,20
483,0,-0.5,-0.5,0.25,14,21
484,0,-0.5,-0.5,0.25,14,22
485,0,-0.5,-0.5,0.25,14,23
486,-2,-0.5,-0.5,0.25,14,24
487,-1,-0.5,-0.5,0.25,14,25
488,0,-0.5,-0.5,0.25,14,26
489,0,-0.5,-0.5,0.25,14,27
490,0,-0.5,-0.5,0.25,14,28
491,0,-0.5,-0.5,0.25,14,29
492,-2,-0.5,0.5,-0.25,14,30
493,0,-0.5,0.5,-0.25,14,31
494,0,-0.5,0.5,-0.25,14,32
495,0,-0.5,-0.5,0.25,15,0
496,-1,-0.5,-0.5,0.25,15,1
497,-2,-0.5,-0.5,0.25,15,2
498,-3,-0.5,0.5,-0.25,15,3
499,0,-0.5,-0.5,0.25,15,4
500,0,-0.5,-0.5,0.25,15,5
501,0,-0.5,-0.5,0.25,15,6
502,0,-0.5,-0.5,0.25,15,7
503,0,-0.5,-0.5,0.25,15,8
504,0,-0.5,-0.5,0.25,15,9
505,0,-0.5,-0.5,0.25,15,10
506,0,-0.5,-0.5,0.25,15,11
507,-1,-0.5,0.5,-0.25,15,12
508,0,-0.5,-0.5,0.25,15,13
509,0,-0.5,0.5,-0.25,15,14
510,0,-0.5,-0.5,0.25,15,15
511,0,-0.5,-0.5,0.25,15,16
512,0,-0.5,-0.5,0.25,15,17
513,0,-0.5,-0.5,0.25,15,18
514,0,-0.5,-0.5,0.25,15,19
515,0,-0.5,-0.5,0.25,15,20
516,0,-0.5,-0.5,0.25,15,21
517,0,-0.5,-0.5,0.25,15,22
518,0,-0.5,-0.5,0.25,15,23
519,0,-0.5,-0.5,0.25,15,24
520,-1,-0.5,-0.5,0.25,15,25
521,0,-0.5,-0.5,0.25,15,26
522,0,-0.5,-0.5,0.25,15,27
523,0,-0.5,-0.5,0.25,15,28
524,0,-0.5,-0.5,0.25,15,29
525,0,-0.5,0.5,-0.25,15,30
526,0,-0.5,0.5,-0.25,15,31
527,0,-0.5,0.5,-0.25,15,32
528,0,-0.5,-0.5,0.25,16,0
529,-1,-0.5,-0.5,0.25,16,1
530,0,-0.5,-0.5,0.25,16,2
531,-3,-0.5,0.5,-0.25,16,3
532,0,-0.5,-0.5,0.25,16,4
533,0,-0.5,-0.5,0.25,16,5
534,0,-0.5,-0.5,0.25,16,6
535,0,-0.5,-0.5,0.25,16,7
536,0,-0.5,-0.5,0.25,16,8
537,0,-0.5,-0.5,0.25,16,9
538,0,-0.5,-0.5,0.25,16,10
539,0,-0.5,-0.5,0.25,16,11
540,-1,-0.5,0.5,-0.25,16,12
541,0,-0.5,-0.5,0.25,16,13
542,-1,-0.5,0.5,-0.25,16,14
543,-2,-0.5,-0.5,0.25,16,15
544,0,-0.5,-0.5,0.25,16,16
545,-1,-0.5,-0.5,0.25,16,17
546,0,-0.5,-0.5,0.25,16,18
547,0,-0.5,-0.5,0.25,16,19
548,0,-0.5,-0.5,0.25,16,20
549,0,-0.5,-0.5,0.25,16,21
550,-1,-0.5,-0.5,0.25,16,22
551,0,-0.5,-0.5,0.25,16,23
552,0,-0.5,-0.5,0.25,16,24
553,-1,-0.5,-0.5,0.25,16,25
554,0,-0.5,-0.5,0.25,16,26
555,0,-0.5,-0.5,0.25,16,27
556,0,-0.5,-0.5,0.25,16,28
557,0,-0.5,-0.5,0.25,16,29
558,0,-0.5,0.5,-0.25,16,30
559,0,-0.5,0.5,-0.25,16,31
560,0,-0.5,0.5,-0.25,16,32
561,0,-0.5,-0.5,0.25,17,0
562,-1,-0.5,-0.5,0.25,17,1
563,0,-0.5,-0.5,0.25,17,2
564,-3,-0.5,0.5,-0.25,17,3
565,0,-0.5,-0.5,0.25,17,4
566,0,-0.5,-0.5,0.25,17,5
567,0,-0.5,-0.5,0.25,17,6
568,0,-0.5,-0.5,0.25,17,7
569,0,-0.5,-0.5,0.25,17,8
570,0,-0.5,-0.5,0.25,17,9
571,0,-0.5,-0.5,0.25,17,10
572,0,-0.5,-0.5,0.25,17,11
573,-1,-0.5,0.5,-0.25,17,12
574,0,-0.5,-0.5,0.25,17,13
575,-1,-0.5,0.5,-0.25,17,14
576,0,-0.5,-0.5,0.25,17,15
577,0,-0.5,-0.5,0.25,17,16
578,-1,-0.5,-0.5,0.25,17,17
579,0,-0.5,-0.5,0.25,17,18
580,0,-0.5,-0.5,0.25,17,19
581,0,-0.5,-0.5,0.25,17,20
582,0,-0.5,-0.5,0.25,17,21
583,0,-0.5,-0.5,0.25,17,22
584,0,-0.5,-0.5,0.25,17,23
585,-2,-0.5,-0.5,0.25,17,24
586,-1,-0.5,-0.5,0.25,17,25
587,0,-0.5,-0.5,0.25,17,26
588,0,-0.5,-0.5,0.25,17,27
589,0,-0.5,-0.5,0.25,17,28
590,0,-0.5,-0.5,0.25,17,29
591,0,-0.5,0.5,-0.25,17,30
592,0,-0.5,0.5,-0.25,17,31
593,0,-0.5,0.5,-0.25,17,32
594,0,-0.5,-0.5,0.25,18,0
595,-1,-0.5,-0.5,0.25,18,1
596,0,-0.5,-0.5,0.25,18,2
597,-3,-0.5,0.5,-0.25,18,3
598,0,-0.5,-0.5,0.25,18,4
599,0,-0.5,-0.5,0.25,18,5
600,0,-0.5,-0.5,0.25,18,6
601,0,-0.5,-0.5,0.25,18,7
602,0,-0.5,-0.5,0.25,18,8
603,0,-0.5,-0.5,0.25,18,9
604,0,-0.5,-0.5,0.25,18,10
605,0,-0.5,-0.5,0.25,18,11
606,-1,-0.5,0.5,-0.25,18,12
607,-1,-0.5,-0.5,0.25,18,13
608,0,-0.5,0.5,-0.25,18,14
609,0,-0.5,-0.5,0.25,18,15
610,0,-0.5,-0.5,0.25,18,16
611,0,-0.5,-0.5,0.25,18,17
612,0,-0.5,-0.5,0.25,18,18
613,0,-0.5,-0.5,0.25,18,19
614,0,-0.5,-0.5,0.25,18,20
615,0,-0.5,-0.5,0.25,18,21
616,0,-0.5,-0.5,0.25,18,22
617,0,-0.5,-0.5,0.25,18,23
618,0,-0.5,-0.5,0.25,18,24
619,0,-0.5,-0.5,0.25,18,25
620,0,-0.5,-0.5,0.25,18,26
621,0,-0.5,-0.5,0.25,18,27
622,0,-0.5,-0.5,0.25,18,28
623,0,-0.5,-0.5,0.25,18,29
624,0,-0.5,0.5,-0.25,18,30
625,0,-0.5,0.5,-0.25,18,31
626,0,-0.5,0.5,-0.25,18,32
627,-1,-0.5,-0.5,0.25,19,0
628,-1,-0.5,-0.5,0.25,19,1
629,0,-0.5,-0.5,0.25,19,2
630,-3,-0.5,0.5,-0.25,19,3
631,0,-0.5,-0.5,0.25,19,4
632,0,-0.5,-0.5,0.25,19,5
633,0,-0.5,-0.5,0.25,19,6
634,0,-0.5,-0.5,0.25,19,7
635,0,-0.5,-0.5,0.25,19,8
636,0,-0.5,-0.5,0.25,19,9
637,0,-0.5,-0.5,0.25,19,10
638,0,-0.5,-0.5,0.25,19,11
639,-1,-0.5,0.5,-0.25,19,12
640,0,-0.5,-0.5,0.25,19,13
641,-1,-0.5,0.5,-0.25,19,14
642,0,-0.5,-0.5,0.25,19,15
643,0,-0.5,-0.5,0.25,19,16
644,0,-0.5,-0.5,0.25,19,17
645,0,-0.5,-0.5,0.25,19,18
646,0,-0.5,-0.5,0.25,19,19
647,0,-0.5,-0.5,0.25,19,20
648,0,-0.5,-0.5,0.25,19,21
649,0,-0.5,-0.5,0.25,19,22
650,0,-0.5,-0.5,0.25,19,23
651,-2,-0.5,-0.5,0.25,19,24
652,-1,-0.5,-0.5,0.25,19,25
653,0,-0.5,-0.5,0.25,19,26
654,0,-0.5,-0.5,0.25,19,27
655,0,-0.5,-0.5,0.25,19,28
656,0,-0.5,-0.5,0.25,19,29
657,0,-0.5,0.5,-0.25,19,30
658,0,-0.5,0.5,-0.25,19,31
659,0,-0.5,0.5,-0.25,19,32
660,0,-0.5,-0.5,0.25,20,0
661,-1,-0.5,-0.5,0.25,20,1
662,0,-0.5,-0.5,0.25,20,2
663,-3,-0.5,0.5,-0.25,20,3
664,0,-0.5,-0.5,0.25,20,4
665,0,-0.5,-0.5,0.25,20,5
666,0,-0.5,-0.5,0.25,20,6
667,0,-0.5,-0.5,0.25,20,7
668,0,-0.5,-0.5,0.25,20,8
669,0,-0.5,-0.5,0.25,20,9
670,0,-0.5,-0.5,0.25,20,10
671,0,-0.5,-0.5,0.25,20,11
672,-1,-0.5,0.5,-0.25,20,12
673,0,-0.5,-0.5,0.25,20,13
674,0,-0.5,0.5,-0.25,20,14
675,0,-0.5,-0.5,0.25,20,15
676,-2,-0.5,-0.5,0.25,20,16
677,-1,-0.5,-0.5,0.25,20,17
678,0,-0.5,-0.5,0.25,20,18
679,0,-0.5,-0.5,0.25,20,19
680,0,-0.5,-0.5,0.25,20,20
681,0,-0.5,-0.5,0.25,20,21
682,0,-0.5,-0.5,0.25,20,22
683,0,-0.5,-0.5,0.25,20,23
684,0,-0.5,-0.5,0.25,20,24
685,0,-0.5,-0.5,0.25,20,25
686,0,-0.5,-0.5,0.25,20,26
687,0,-0.5,-0.5,0.25,20,27
688,0,-0.5,-0.5,0.25,20,28
689,-1,-0.5,-0.5,0.25,20,29
690,0,-0.5,0.5,-0.25,20,30
691,0,-0.5,0.5,-0.25,20,31
692,0,-0.5,0.5,-0.25,20,32
693,0,-0.5,-0.5,0.25,21,0
694,-1,-0.5,-0.5,0.25,21,1
695,0,-0.5,-0.5,0.25,21,2
696,-3,-0.5,0.5,-0.25,21,3
697,0,-0.5,-0.5,0.25,21,4
698,0,-0.5,-0.5,0.25,21,5
699,0,-0.5,-0.5,0.25,21,6
700,0,-0.5,-0.5,0.25,21,7
701,0,-0.5,-0.5,0.25,21,8
702,0,-0.5,-0.5,0.25,21,9
703,0,-0.5,-0.5,0.25,21,10
704,0,-0.5,-0.5,0.25,21,11
705,-1,-0.5,0.5,-0.25,21,12
706,0,-0.5,-0.5,0.25,21,13
707,-1,-0.5,0.5,-0.25,21,14
708,0,-0.5,-0.5,0.25,21,15
709,0,-0.5,-0.5,0.25,21,16
710,0,-0.5,-0.5,0.25,21,17
711,0,-0.5,-0.5,0.25,21,18
712,0,-0.5,-0.5,0.25,21,19
713,0,-0.5,-0.5,0.25,21,20
714,0,-0.5,-0.5,0.25,21,21
715,0,-0.5,-0.5,0.25,21,22
716,0,-0.5,-0.5,0.25,21,23
717,0,-0.5,-0.5,0.25,21,24
718,0,-0.5,-0.5,0.25,21,25
719,0,-0.5,-0.5,0.25,21,26
720,0,-0.5,-0.5,0.25,21,27
721,0,-0.5,-0.5,0.25,21,28
722,0,-0.5,-0.5,0.25,21,29
723,0,-0.5,0.5,-0.25,21,30
724,0,-0.5,0.5,-0.25,21,31
725,0,-0.5,0.5,-0.25,21,32
726,0,-0.5,-0.5,0.25,22,0
727,-1,-0.5,-0.5,0.25,22,1
728,0,-0.5,-0.5,0.25,22,2
729,-3,-0.5,0.5,-0.25,22,3
730,0,-0.5,-0.5,0.25,22,4
731,0,-0.5,-0.5,0.25,22,5
732,0,-0.5,-0.5,0.25,22,6
733,0,-0.5,-0.5,0.25,22,7
734,0,-0.5,-0.5,0.25,22,8
735,0,-0.5,-0.5,0.25,22,9
736,0,-0.5,-0.5,0.25,22,10
737,0,-0.5,-0.5,0.25,22,11
738,0,-0.5,0.5,-0.25,22,12
739,0,-0.5,-0.5,0.25,22,13
740,0,-0.5,0.5,-0.25,22,14
741,0,-0.5,-0.5,0.25,22,15
742,0,-0.5,-0.5,0.25,22,16
743,0,-0.5,-0.5,0.25,22,17
744,0,-0.5,-0.5,0.25,22,18
745,0,-0.5,-0.5,0.25,22,19
746,0,-0.5,-0.5,0.25,22,20
747,0,-0.5,-0.5,0.25,22,21
748,-1,-0.5,-0.5,0.25,22,22
749,0,-0.5,-0.5,0.25,22,23
750,-2,-0.5,-0.5,0.25,22,24
751,0,-0.5,-0.5,0.25,22,25
752,0,-0.5,-0.5,0.25,22,26
753,0,-0.5,-0.5,0.25,22,27
754,0,-0.5,-0.5,0.25,22,28
755,0,-0.5,-0.5,0.25,22,29
756,0,-0.5,0.5,-0.25,22,30
757,0,-0.5,0.5,-0.25,22,31
758,0,-0.5,0.5,-0.25,22,32
759,0,-0.5,-0.5,0.25,23,0
760,-1,-0.5,-0.5,0.25,23,1
761,0,-0.5,-0.5,0.25,23,2
762,-3,-0.5,0.5,-0.25,23,3
763,0,-0.5,-0.5,0.25,23,4
764,0,-0.5,-0.5,0.25,23,5
765,0,-0.5,-0.5,0.25,23,6
766,0,-0.5,-0.5,0.25,23,7
767,0,-0.5,-0.5,0.25,23,8
768,0,-0.5,-0.5,0.25,23,9
769,0,-0.5,-0.5,0.25,23,10
770,0,-0.5,-0.5,0.25,23,11
771,-1,-0.5,0.5,-0.25,23,12
772,0,-0.5,-0.5,0.25,23,13
773,-1,-0.5,0.5,-0.25,23,14
774,0,-0.5,-0.5,0.25,23,15
775,0,-0.5,-0.5,0.25,23,16
776,0,-0.5,-0.5,0.25,23,17
777,0,-0.5,-0.5,0.25,23,18
778,0,-0.5,-0.5,0.25,23,19
779,0,-0.5,-0.5,0.25,23,20
780,0,-0.5,-0.5,0.25,23,21
781,0,-0.5,-0.5,0.25,23,22
782,0,-0.5,-0.5,0.25,23,23
783,0,-0.5,-0.5,0.25,23,24
784,0,-0.5,-0.5,0.25,23,25
785,0,-0.5,-0.5,0.25,23,26
786,0,-0.5,-0.5,0.25,23,27
787,-2,-0.5,-0.5,0.25,23,28
788,0,-0.5,-0.5,0.25,23,29
789,0,-0.5,0.5,-0.25,23,30
790,0,-0.5,0.5,-0.25,23,31
791,0,-0.5,0.5,-0.25,23,32
792,0,-0.5,-0.5,0.25,24,0
793,-1,-0.5,-0.5,0.25,24,1
794,0,-0.5,-0.5,0.25,24,2
795,-3,-0.5,0.5,-0.25,24,3
796,0,-0.5,-0.5,0.25,24,4
797,0,-0.5,-0.5,0.25,24,5
798,0,-0.5,-0.5,0.25,24,6
799,0,-0.5,-0.5,0.25,24,7
800,0,-0.5,-0.5,0.25,24,8
801,0,-0.5,-0.5,0.25,24,9
802,0,-0.5,-0.5,0.25,24,10
803,0,-0.5,-0.5,0.25,24,11
804,0,-0.5,0.5,-0.25,24,12
805,0,-0.5,-0.5,0.25,24,13
806,-1,-0.5,0.5,-0.25,24,14
807,0,-0.5,-0.5,0.25,24,15
808,0,-0.5,-0.5,0.25,24,16
809,0,-0.5,-0.5,0.25,24,17
810,0,-0.5,-0.5,0.25,24,18
811,0,-0.5,-0.5,0.25,24,19
812,0,-0.5,-0.5,0.25,24,20
813,0,-0.5,-0.5,0.25,24,21
814,0,-0.5,-0.5,0.25,24,22
815,0,-0.5,-0.5,0.25,24,23
816,0,-0.5,-0.5,0.25,24,24
817,-1,-0.5,-0.5,0.25,24,25
818,0,-0.5,-0.5,0.25,24,26
819,0,-0.5,-0.5,0.25,24,27
820,0,-0.5,-0.5,0.25,24,28
821,0,-0.5,-0.5,0.25,24,29
822,0,-0.5,0.5,-0.25,24,30
823,0,-0.5,0.5,-0.25,24,31
824,0,-0.5,0.5,-0.25,24,32
825,0,-0.5,-0.5,0.25,25,0
826,-1,-0.5,-0.5,0.25,25,1
827,0,-0.5,-0.5,0.25,25,2
828,-3,-0.5,0.5,-0.25,25,3
829,0,-0.5,-0.5,0.25,25,4
830,0,-0.5,-0.5,0.25,25,5
831,0,-0.5,-0.5,0.25,25,6
832,0,-0.5,-0.5,0.25,25,7
833,0,-0.5,-0.5,0.25,25,8
834,0,-0.5,-0.5,0.25,25,9
835,0,-0.5,-0.5,0.25,25,10
836,0,-0.5,-0.5,0.25,25,11
837,-1,-0.5,0.5,-0.25,25,12
838,0,-0.5,-0.5,0.25,25,13
839,0,-0.5,0.5,-0.25,25,14
840,0,-0.5,-0.5,0.25,25,15
841,0,-0.5,-0.5,0.25,25,16
842,0,-0.5,-0.5,0.25,25,17
843,0,-0.5,-0.5,0.25,25,18
844,0,-0.5,-0.5,0.25,25,19
845,0,-0.5,-0.5,0.25,25,20
846,0,-0.5,-0.5,0.25,25,21
847,0,-0.5,-0.5,0.25,25,22
848,0,-0.5,-0.5,0.25,25,23
849,-2,-0.5,-0.5,0.25,25,24
850,0,-0.5,-0.5,0.25,25,25
851,0,-0.5,-0.5,0.25,25,26
852,0,-0.5,-0.5,0.25,25,27
853,0,-0.5,-0.5,0.25,25,28
854,0,-0.5,-0.5,0.25,25,29
855,0,-0.5,0.5,-0.25,25,30
856,0,-0.5,0.5,-0.25,25,31
857,0,-0.5,0.5,-0.25,25,32
858,0,-0.5,-0.5,0.25,26,0
859,-1,-0.5,-0.5,0.25,26,1
860,0,-0.5,-0.5,0.25,26,2
861,-3,-0.5,0.5,-0.25,26,3
862,0,-0.5,-0.5,0.25,26,4
863,0,-0.5,-0.5,0.25,26,5
864,0,-0.5,-0.5,0.25,26,6
865,0,-0.5,-0.5,0.25,26,7
866,-2,-0.5,-0.5,0.25,26,8
867,0,-0.5,-0.5,0.25,26,9
868,0,-0.5,-0.5,0.25,26,10
869,0,-0.5,-0.5,0.25,26,11
870,-1,-0.5,0.5,-0.25,26,12
871,-1,-0.5,-0.5,0.25,26,13
872,0,-0.5,0.5,-0.25,26,14
873,0,-0.5,-0.5,0.25,26,15
874,0,-0.5,-0.5,0.25,26,16
875,0,-0.5,-0.5,0.25,26,17
876,0,-0.5,-0.5,0.25,26,18
877,0,-0.5,-0.5,0.25,26,19
878,0,-0.5,-0.5,0.25,26,20
879,0,-0.5,-0.5,0.25,26,21
880,0,-0.5,-0.5,0.25,26,22
881,0,-0.5,-0.5,0.25,26,23
882,0,-0.5,-0.5,0.25,26,24
883,0,-0.5,-0.5,0.25,26,25
884,0,-0.5,-0.5,0.25,26,26
885,0,-0.5,-0.5,0.25,26,27
886,0,-0.5,-0.5,0.25,26,28
887,0,-0.5,-0.5,0.25,26,29
888,0,-0.5,0.5,-0.25,26,30
889,0,-0.5,0.5,-0.25,26,31
890,0,-0.5,0.5,-0.25,26,32
891,0,-0.5,-0.5,0.25,27,0
892,-1,-0.5,-0.5,0.25,27,1
893,0,-0.5,-0.5,0.25,27,2
894,0,-0.5,0.5,-0.25,27,3
895,0,-0.5,-0.5,0.25,27,4
896,0,-0.5,-0.5,0.25,27,5
897,0,-0.5,-0.5,0.25,27,6
898,0,-0.5,-0.5,0.25,27,7
899,0,-0.5,-0.5,0.25,27,8
900,0,-0.5,-0.5,0.25,27,9
901,0,-0.5,-0.5,0.25,27,10
902,0,-0.5,-0.5,0.25,27,11
903,-1,-0.5,0.5,-0.25,27,12
904,0,-0.5,-0.5,0.25,27,13
905,-1,-0.5,0.5,-0.25,27,14
906,0,-0.5,-0.5,0.25,27,15
907,0,-0.5,-0.5,0.25,27,16
908,0,-0.5,-0.5,0.25,27,17
909,0,-0.5,-0.5,0.25,27,18
910,0,-0.5,-0.5,0.25,27,19
911,-2,-0.5,-0.5,0.25,27,20
912,0,-0.5,-0.5,0.25,27,21
913,0,-0.5,-0.5,0.25,27,22
914,0,-0.5,-0.5,0.25,27,23
915,0,-0.5,-0.5,0.25,27,24
916,0,-0.5,-0.5,0.25,27,25
917,0,-0.5,-0.5,0.25,27,26
918,0,-0.5,-0.5,0.25,27,27
919,0,-0.5,-0.5,0.25,27,28
920,0,-0.5,-0.5,0.25,27,29
921,0,-0.5,0.5,-0.25,27,30
922,0,-0.5,0.5,-0.25,27,31
923,0,-0.5,0.5,-0.25,27,32
924,0,-0.5,-0.5,0.25,28,0
925,-1,-0.5,-0.5,0.25,28,1
926,0,-0.5,-0.5,0.25,28,2
927,-3,-0.5,0.5,-0.25,28,3
928,0,-0.5,-0.5,0.25,28,4
929,0,-0.5,-0.5,0.25,28,5
930,0,-0.5,-0.5,0.25,28,6
931,0,-0.5,-0.5,0.25,28,7
932,0,-0.5,-0.5,0.25,28,8
933,0,-0.5,-0.5,0.25,28,9
934,0,-0.5,-0.5,0.25,28,10
935,0,-0.5,-0.5,0.25,28,11
936,-1,-0.5,0.5,-0.25,28,12
937,0,-0.5,-0.5,0.25,28,13
938,0,-0.5,0.5,-0.25,28,14
939,-2,-0.5,-0.5,0.25,28,15
940,-2,-0.5,-0.5,0.25,28,16
941,0,-0.5,-0.5,0.25,28,17
942,0,-0.5,-0.5,0.25,28,18
943,0,-0.5,-0.5,0.25,28,19
944,0,-0.5,-0.5,0.25,28,20
945,0,-0.5,-0.5,0.25,28,21
946,0,-0.5,-0.5,0.25,28,22
947,0,-0.5,-0.5,0.25,28,23
948,0,-0.5,-0.5,0.25,28,24
949,0,-0.5,-0.5,0.25,28,25
950,0,-0.5,-0.5,0.25,28,26
951,0,-0.5,-0.5,0.25,28,27
952,0,-0.5,-0.5,0.25,28,28
953,0,-0.5,-0.5,0.25,28,29
954,0,-0.5,0.5,-0.25,28,30
955,0,-0.5,0.5,-0.25,28,31
956,0,-0.5,0.5,-0.25,28,32
957,0,-0.5,-0.5,0.25,29,0
958,-1,-0.5,-0.5,0.25,29,1
959,0,-0.5,-0.5,0.25,29,2
960,-3,-0.5,0.5,-0.25,29,3
961,0,-0.5,-0.5,0.25,29,4
962,0,-0.5,-0.5,0.25,29,5
963,0,-0.5,-0.5,0.25,29,6
964,0,-0.5,-0.5,0.25,29,7
965,0,-0.5,-0.5,0.25,29,8
966,0,-0.5,-0.5,0.25,29,9
967,0,-0.5,-0.5,0.25,29,10
968,0,-0.5,-0.5,0.25,29,11
969,0,-0.5,0.5,-0.25,29,12
970,0,-0.5,-0.5,0.25,29,13
971,-1,-0.5,0.5,-0.25,29,14
972,0,-0.5,-0.5,0.25,29,15
973,-2,-0.5,-0.5,0.25,29,16
974,0,-0.5,-0.5,0.25,29,17
975,0,-0.5,-0.5,0.25,29,18
976,0,-0.5,-0.5,0.25,29,19
977,-2,-0.5,-0.5,0.25,29,20
978,0,-0.5,-0.5,0.25,29,21
979,0,-0.5,-0.5,0.25,29,22
980,0,-0.5,-0.5,0.25,29,23
981,-2,-0.5,-0.5,0.25,29,24
982,-1,-0.5,-0.5,0.25,29,25
983,0,-0.5,-0.5,0.25,29,26
984,0,-0.5,-0.5,0.25,29,27
985,0,-0.5,-0.5,0.25,29,28
986,0,-0.5,-0.5,0.25,29,29
987,-2,-0.5,0.5,-0.25,29,30
988,0,-0.5,0.5,-0.25,29,31
989,0,-0.5,0.5,-0.25,29,32
990,0,-0.5,-0.5,0.25,30,0
991,-1,-0.5,-0.5,0.25,30,1
992,0,-0.5,-0.5,0.25,30,2
993,-3,-0.5,0.5,-0.25,30,3
994,0,-0.5,-0.5,0.25,30,4
995,0,-0.5,-0.5,0.25,30,5
996,0,-0.5,-0.5,0.25,30,6
997,0,-0.5,-0.5,0.25,30,7
998,0,-0.5,-0.5,0.25,30,8
999,0,-0.5,-0.5,0.25,30,9
1000,0,-0.5,-0.5,0.25,30,10
1001,0,-0.5,-0.5,0.25,30,11
1002,-1,-0.5,0.5,-0.25,30,12
1003,0,-0.5,-0.5,0.25,30,13
1004,0,-0.5,0.5,-0.25,30,14
1005,0,-0.5,-0.5,0.25,30,15
1006,0,-0.5,-0.5,0.25,30,16
1007,0,-0.5,-0.5,0.25,30,17
1008,0,-0.5,-0.5,0.25,30,18
1009,0,-0.5,-0.5,0.25,30,19
1010,0,-0.5,-0.5,0.25,30,20
1011,0,-0.5,-0.5,0.25,30,21
1012,0,-0.5,-0.5,0.25,30,22
1013,0,-0.5,-0.5,0.25,30,23
1014,-2,-0.5,-0.5,0.25,30,24
1015,-1,-0.5,-0.5,0.25,30,25
1016,0,-0.5,-0.5,0.25,30,26
1017,0,-0.5,-0.5,0.25,30,27
1018,0,-0.5,-0.5,0.25,30,28
1019,0,-0.5,-0.5,0.25,30,29
1020,0,-0.5,0.5,-0.25,30,30
1021,0,-0.5,0.5,-0.25,30,31
1022,0,-0.5,0.5,-0.25,30,32
1023,0,-0.5,-0.5,0.25,31,0
1024,-1,-0.5,-0.5,0.25,31,1
1025,0,-0.5,-0.5,0.25,31,2
1026,-3,-0.5,0.5,-0.25,31,3
1027,0,-0.5,-0.5,0.25,31,4
1028,0,-0.5,-0.5,0.25,31,5
1029,0,-0.5,-0.5,0.25,31,6
1030,0,-0.5,-0.5,0.25,31,7
1031,0,-0.5,-0.5,0.25,31,8
1032,0,-0.5,-0.5,0.25,31,9
1033,0,-0.5,-0.5,0.25,31,10
1034,0,-0.5,-0.5,0.25,31,11
1035,-1,-0.5,0.5,-0.25,31,12
1036,0,-0.5,-0.5,0.25,31,13
1037,0,-0.5,0.5,-0.25,31,14
1038,0,-0.5,-0.5,0.25,31,15
1039,0,-0.5,-0.5,0.25,31,16
1040,0,-0.5,-0.5,0.25,31,17
1041,0,-0.5,-0.5,0.25,31,18
1042,0,-0.5,-0.5,0.25,31,19
1043,0,-0.5,-0.5,0.25,31,20
1044,0,-0.5,-0.5,0.25,31,21
1045,0,-0.5,-0.5,0.25,31,22
1046,0,-0.5,-0.5,0.25,31,23
1047,-2,-0.5,-0.5,0.25,31,24
1048,-1,-0.5,-0.5,0.25,31,25
1049,0,-0.5,-0.5,0.25,31,26
1050,0,-0.5,-0.5,0.25,31,27
1051,-2,-0.5,-0.5,0.25,31,28
1052,0,-0.5,-0.5,0.25,31,29
1053,-2,-0.5,0.5,-0.25,31,30
1054,0,-0.5,0.5,-0.25,31,31
1055,0,-0.5,0.5,-0.25,31,32
1056,0,-0.5,-0.5,0.25,32,0
1057,-1,-0.5,-0.5,0.25,32,1
1058,0,-0.5,-0.5,0.25,32,2
1059,-3,-0.5,0.5,-0.25,32,3
1060,0,-0.5,-0.5,0.25,32,4
1061,0,-0.5,-0.5,0.25,32,5
1062,0,-0.5,-0.5,0.25,32,6
1063,0,-0.5,-0.5,0.25,32,7
1064,0,-0.5,-0.5,0.25,32,8
1065,0,-0.5,-0.5,0.25,32,9
1066,0,-0.5,-0.5,0.25,32,10
1067,0,-0.5,-0.5,0.25,32,11
1068,-1,-0.5,0.5,-0.25,32,12
1069,0,-0.5,-0.5,0.25,32,13
1070,0,-0.5,0.5,-0.25,32,14
1071,-2,-0.5,-0.5,0.25,32,15
1072,0,-0.5,-0.5,0.25,32,16
1073,0,-0.5,-0.5,0.25,32,17
1074,0,-0.5,-0.5,0.25,32,18
1075,0,-0.5,-0.5,0.25,32,19
1076,0,-0.5,-0.5,0.25,32,20
1077,0,-0.5,-0.5,0.25,32,21
1078,-1,-0.5,-0.5,0.25,32,22
1079,0,-0.5,-0.5,0.25,32,23
1080,0,-0.5,-0.5,0.25,32,24
1081,-1,-0.5,-0.5,0.25,32,25
1082,0,-0.5,-0.5,0.25,32,26
1083,0,-0.5,-0.5,0.25,32,27
1084,0,-0.5,-0.5,0.25,32,28
1085,0,-0.5,-0.5,0.25,32,29
1086,0,-0.5,0.5,-0.25,32,30
1087,0,-0.5,0.5,-0.25,32,31
1088,0,-0.5,0.5,-0.25,32,32
1089,0,-0.5,-0.5,0.25,33,0
1090,0,-0.5,-0.5,0.25,33,1
1091,0,-0.5,-0.5,0.25,33,2
1092,-3,-0.5,0.5,-0.25,33,3
1093,0,-0.5,-0.5,0.25,33,4
1094,0,-0.5,-0.5,0.25,33,5
1095,0,-0.5,-0.5,0.25,33,6
1096,0,-0.5,-0.5,0.25,33,7
1097,-2,-0.5,-0.5,0.25,33,8
1098,0,-0.5,-0.5,0.25,33,9
1099,0,-0.5,-0.5,0.25,33,10
1100,0,-0.5,-0.5,0.25,33,11
1101,-1,-0.5,0.5,-0.25,33,12
1102,0,-0.5,-0.5,0.25,33,13
1103,-1,-0.5,0.5,-0.25,33,14
1104,0,-0.5,-0.5,0.25,33,15
1105,0,-0.5,-0.5,0.25,33,16
1106,0,-0.5,-0.5,0.25,33,17
1107,0,-0.5,-0.5,0.25,33,18
1108,0,-0.5,-0.5,0.25,33,19
1109,0,-0.5,-0.5,0.25,33,20
1110,0,-0.5,-0.5,0.25,33,21
1111,0,-0.5,-0.5,0.25,33,22
1112,0,-0.5,-0.5,0.25,33,23
1113,0,-0.5,-0.5,0.25,33,24
1114,0,-0.5,-0.5,0.25,33,25
1115,0,-0.5,-0.5,0.25,33,26
1116,0,-0.5,-0.5,0.25,33,27
1117,0,-0.5,-0.5,0.25,33,28
1118,0,-0.5,-0.5,0.25,33,29
1119,0,-0.5,0.5,-0.25,33,30
1120,0,-0.5,0.5,-0.25,33,31
1121,0,-0.5,0.5,-0.25,33,32
1122,0,-0.5,-0.5,0.25,34,0
1123,-1,-0.5,-0.5,0.25,34,1
1124,0,-0.5,-0.5,0.25,34,2
1125,-3,-0.5,0.5,-0.25,34,3
1126,0,-0.5,-0.5,0.25,34,4
1127,0,-0.5,-0.5,0.25,34,5
1128,0,-0.5,-0.5,0.25,34,6
1129,0,-0.5,-0.5,0.25,34,7
1130,0,-0.5,-0.5,0.25,34,8
1131,0,-0.5,-0.5,0.25,34,9
1132,0,-0.5,-0.5,0.25,34,10
1133,0,-0.5,-0.5,0.25,34,11
1134,-1,-0.5,0.5,-0.25,34,12
1135,0,-0.5,-0.5,0.25,34,13
1136,-1,-0.5,0.5,-0.25,34,14
1137,0,-0.5,-0.5,0.25,34,15
1138,0,-0.5,-0.5,0.25,34,16
1139,0,-0.5,-0.5,0.25,34,17
1140,0,-0.5,-0.5,0.25,34,18
1141,0,-0.5,-0.5,0.25,34,19
1142,0,-0.5,-0.5,0.25,34,20
1143,0,-0.5,-0.5,0.25,34,21
1144,0,-0.5,-0.5,0.25,34,22
1145,0,-0.5,-0.5,0.25,34,23
1146,0,-0.5,-0.5,0.25,34,24
1147,-1,-0.5,-0.5,0.25,34,25
1148,0,-0.5,-0.5,0.25,34,26
1149,0,-0.5,-0.5,0.25,34,27
1150,0,-0.5,-0.5,0.25,34,28
1151,-1,-0.5,-0.5,0.25,34,29
1152,0,-0.5,0.5,-0.25,34,30
1153,0,-0.5,0.5,-0.25,34,31
1154,0,-0.5,0.5,-0.25,34,32
1155,0,-0.5,-0.5,0.25,35,0
1156,-1,-0.5,-0.5,0.25,35,1
1157,0,-0.5,-0.5,0.25,35,2
1158,-3,-0.5,0.5,-0.25,35,3
1159,0,-0.5,-0.5,0.25,35,4
1160,0,-0.5,-0.5,0.25,35,5
1161,0,-0.5,-0.5,0.25,35,6
1162,0,-0.5,-0.5,0.25,35,7
1163,0,-0.5,-0.5,0.25,35,8
1164,0,-0.5,-0.5,0.25,35,9
1165,0,-0.5,-0.5,0.25,35,10
1166,0,-0.5,-0.5,0.25,35,11
1167,-1,-0.5,0.5,-0.25,35,12
1168,0,-0.5,-0.5,0.25,35,13
1169,0,-0.5,0.5,-0.25,35,14
1170,0,-0.5,-0.5,0.25,35,15
1171,0,-0.5,-0.5,0.25,35,16
1172,0,-0.5,-0.5,0.25,35,17
1173,0,-0.5,-0.5,0.25,35,18
1174,0,-0.5,-0.5,0.25,35,19
1175,0,-0.5,-0.5,0.25,35,20
1176,0,-0.5,-0.5,0.25,35,21
1177,-1,-0.5,-0.5,0.25,35,22
1178,0,-0.5,-0.5,0.25,35,23
1179,-2,-0.5,-0.5,0.25,35,24
1180,-1,-0.5,-0.5,0.25,35,25
1181,0,-0.5,-0.5,0.25,35,26
1182,0,-0.5,-0.5,0.25,35,27
1183,0,-0.5,-0.5,0.25,35,28
1184,0,-0.5,-0.5,0.25,35,29
1185,0,-0.5,0.5,-0.25,35,30
1186,0,-0.5,0.5,-0.25,35,31
1187,0,-0.5,0.5,-0.25,35,32
1188,0,-0.5,-0.5,0.25,36,0
1189,-1,-0.5,-0.5,0.25,36,1
1190,0,-0.5,-0.5,0.25,36,2
1191,-3,-0.5,0.5,-0.25,36,3
1192,0,-0.5,-0.5,0.25,36,4
1193,0,-0.5,-0.5,0.25,36,5
1194,0,-0.5,-0.5,0.25,36,6
1195,0,-0.5,-0.5,0.25,36,7
1196,0,-0.5,-0.5,0.25,36,8
1197,0,-0.5,-0.5,0.25,36,9
1198,0,-0.5,-0.5,0.25,36,10
1199,0,-0.5,-0.5,0.25,36,11
1200,-1,-0.5,0.5,-0.25,36,12
1201,0,-0.5,-0.5,0.25,36,13
1202,0,-0.5,0.5,-0.25,36,14
1203,-2,-0.5,-0.5,0.25,36,15
1204,0,-0.5,-0.5,0.25,36,16
1205,0,-0.5,-0.5,0.25,36,17
1206,0,-0.5,-0.5,0.25,36,18
1207,0,-0.5,-0.5,0.25,36,19
1208,0,-0.5,-0.5,0.25,36,20
1209,0,-0.5,-0.5,0.25,36,21
1210,0,-0.5,-0.5,0.25,36,22
1211,0,-0.5,-0.5,0.25,36,23
1212,0,-0.5,-0.5,0.25,36,24
1213,-1,-0.5,-0.5,0.25,36,25
1214,0,-0.5,-0.5,0.25,36,26
1215,0,-0.5,-0.5,0.25,36,27
1216,0,-0.5,-0.5,0.25,36,28
1217,0,-0.5,-0.5,0.25,36,29
1218,-2,-0.5,0.5,-0.25,36,30
1219,0,-0.5,0.5,-0.25,36,31
1220,0,-0.5,0.5,-0.25,36,32
1221,0,-0.5,-0.5,0.25,37,0
1222,-1,-0.5,-0.5,0.25,37,1
1223,0,-0.5,-0.5,0.25,37,2
1224,-3,-0.5,0.5,-0.25,37,3
1225,0,-0.5,-0.5,0.25,37,4
1226,0,-0.5,-0.5,0.25,37,5
1227,0,-0.5,-0.5,0.25,37,6
1228,0,-0.5,-0.5,0.25,37,7
1229,0,-0.5,-0.5,0.25,37,8
1230,0,-0.5,-0.5,0.25,37,9
1231,0,-0.5,-0.5,0.25,37,10
1232,0,-0.5,-0.5,0.25,37,11
1233,-1,-0.5,0.5,-0.25,37,12
1234,0,-0.5,-0.5,0.25,37,13
1235,-1,-0.5,0.5,-0.25,37,14
1236,0,-0.5,-0.5,0.25,37,15
1237,0,-0.5,-0.5,0.25,37,16
1238,0,-0.5,-0.5,0.25,37,17
1239,0,-0.5,-0.5,0.25,37,18
1240,0,-0.5,-0.5,0.25,37,19
1241,0,-0.5,-0.5,0.25,37,20
1242,0,-0.5,-0.5,0.25,37,21
1243,0,-0.5,-0.5,0.25,37,22
1244,0,-0.5,-0.5,0.25,37,23
1245,0,-0.5,-0.5,0.25,37,24
1246,0,-0.5,-0.5,0.25,37,25
1247,0,-0.5,-0.5,0.25,37,26
1248,0,-0.5,-0.5,0.25,37,27
1249,0,-0.5,-0.5,0.25,37,28
1250,0,-0.5,-0.5,0.25,37,29
1251,0,-0.5,0.5,-0.25,37,30
1252,0,-0.5,0.5,-0.25,37,31
1253,0,-0.5,0.5,-0.25,37,32
1254,0,-0.5,-0.5,0.25,38,0
1255,-1,-0.5,-0.5,0.25,38,1
1256,0,-0.5,-0.5,0.25,38,2
1257,-3,-0.5,0.5,-0.25,38,3
1258,0,-0.5,-0.5,0.25,38,4
1259,0,-0.5,-0.5,0.25,38,5
1260,0,-0.5,-0.5,0.25,38,6
1261,0,-0.5,-0.5,0.25,38,7
1262,0,-0.5,-0.5,0.25,38,8
1263,0,-0.5,-0.5,0.25,38,9
1264,0,-0.5,-0.5,0.25,38,10
1265,0,-0.5,-0.5,0.25,38,11
1266,-1,-0.5,0.5,-0.25,38,12
1267,0,-0.5,-0.5,0.25,38,13
1268,0,-0.5,0.5,-0.25,38,14
1269,-2,-0.5,-0.5,0.25,38,15
1270,0,-0.5,-0.5,0.25,38,16
1271,0,-0.5,-0.5,0.25,38,17
1272,0,-0.5,-0.5,0.25,38,18
1273,0,-0.5,-0.5,0.25,38,19
1274,0,-0.5,-0.5,0.25,38,20
1275,0,-0.5,-0.5,0.25,38,21
1276,0,-0.5,-0.5,0.25,38,22
1277,0,-0.5,-0.5,0.25,38,23
1278,0,-0.5,-0.5,0.25,38,24
1279,-1,-0.5,-0.5,0.25,38,25
1280,0,-0.5,-0.5,0.25,38,26
1281,0,-0.5,-0.5,0.25,38,27
1282,0,-0.5,-0.5,0.25,38,28
1283,0,-0.5,-0.5,0.25,38,29
1284,0,-0.5,0.5,-0.25,38,30
1285,0,-0.5,0.5,-0.25,38,31
1286,0,-0.5,0.5,-0.25,38,32
1287,0,-0.5,-0.5,0.25,39,0
1288,-1,-0.5,-0.5,0.25,39,1
1289,0,-0.5,-0.5,0.25,39,2
1290,-3,-0.5,0.5,-0.25,39,3
1291,0,-0.5,-0.5,0.25,39,4
1292,0,-0.5,-0.5,0.25,39,5
1293,0,-0.5,-0.5,0.25,39,6
1294,0,-0.5,-0.5,0.25,39,7
1295,0,-0.5,-0.5,0.25,39,8
1296,0,-0.5,-0.5,0.25,39,9
1297,0,-0.5,-0.5,0.25,39,10
1298,0,-0.5,-0.5,0.25,39,11
1299,-1,-0.5,0.5,-0.25,39,12
1300,0,-0.5,-0.5,0.25,39,13
1301,-1,-0.5,0.5,-0.25,39,14
1302,0,-0.5,-0.5,0.25,39,15
1303,0,-0.5,-0.5,0.25,39,16
1304,0,-0.5,-0.5,0.25,39,17
1305,0,-0.5,-0.5,0.25,39,18
1306,0,-0.5,-0.5,0.25,39,19
1307,0,-0.5,-0.5,0.25,39,20
1308,0,-0.5,-0.5,0.25,39,21
1309,0,-0.5,-0.5,0.25,39,22
1310,0,-0.5,-0.5,0.25,39,23
1311,0,-0.5,-0.5,0.25,39,24
1312,0,-0.5,-0.5,0.25,39,25
1313,0,-0.5,-0.5,0.25,39,26
1314,0,-0.5,-0.5,0.25,39,27
1315,0,-0.5,-0.5,0.25,39,28
1316,0,-0.5,-0.5,0.25,39,29
1317,0,-0.5,0.5,-0.25,39,30
1318,0,-0.5,0.5,-0.25,39,31
1319,0,-0.5,0.5,-0.25,39,32
1320,0,-0.5,-0.5,0.25,40,0
1321,-1,-0.5,-0.5,0.25,40,1
1322,0,-0.5,-0.5,0.25,40,2
1323,-3,-0.5,0.5,-0.25,40,3
1324,0,-0.5,-0.5,0.25,40,4
1325,0,-0.5,-0.5,0.25,40,5
1326,0,-0.5,-0.5,0.25,40,6
1327,0,-0.5,-0.5,0.25,40,7
1328,0,-0.5,-0.5,0.25,40,8
1329,0,-0.5,-0.5,0.25,40,9
1330,0,-0.5,-0.5,0.25,40,10
1331,0,-0.5,-0.5,0.25,40,11
1332,-1,-0.5,0.5,-0.25,40,12
1333,0,-0.5,-0.5,0.25,40,13
1334,-1,-0.5,0.5,-0.25,40,14
1335,0,-0.5,-0.5,0.25,40,15
1336,0,-0.5,-0.5,0.25,40,16
1337,0,-0.5,-0.5,0.25,40,17
1338,0,-0.5,-0.5,0.25,40,18
1339,0,-0.5,-0.5,0.25,40,19
1340,-2,-0.5,-0.5,0.25,40,20
1341,0,-0.5,-0.5,0.25,40,21
1342,0,-0.5,-0.5,0.25,40,22
1343,0,-0.5,-0.5,0.25,40,23
1344,0,-0.5,-0.5,0.25,40,24
1345,-1,-0.5,-0.5,0.25,40,25
1346,0,-0.5,-0.5,0.25,40,26
1347,0,-0.5,-0.5,0.25,40,27
1348,0,-0.5,-0.5,0.25,40,28
1349,0,-0.5,-0.5,0.25,40,29
1350,0,-0.5,0.5,-0.25,40,30
1351,0,-0.5,0.5,-0.25,40,31
1352,0,-0.5,0.5,-0.25,40,32
1353,0,-0.5,-0.5,0.25,41,0
1354,-1,-0.5,-0.5,0.25,41,1
1355,0,-0.5,-0.5,0.25,41,2
1356,-3,-0.5,0.5,-0.25,41,3
1357,0,-0.5,-0.5,0.25,41,4
1358,0,-0.5,-0.5,0.25,41,5
1359,0,-0.5,-0.5,0.25,41,6
1360,0,-0.5,-0.5,0.25,41,7
1361,0,-0.5,-0.5,0.25,41,8
1362,0,-0.5,-0.5,0.25,41,9
1363,0,-0.5,-0.5,0.25,41,10
1364,0,-0.5,-0.5,0.25,41,11
1365,-1,-0.5,0.5,-0.25,41,12
1366,0,-0.5,-0.5,0.25,41,13
1367,-1,-0.5,0.5,-0.25,41,14
1368,0,-0.5,-0.5,0.25,41,15
1369,0,-0.5,-0.5,0.25,41,16
1370,-1,-0.5,-0.5,0.25,41,17
1371,0,-0.5,-0.5,0.25,41,18
1372,0,-0.5,-0.5,0.25,41,19
1373,0,-0.5,-0.5,0.25,41,20
1374,0,-0.5,-0.5,0.25,41,21
1375,0,-0.5,-0.5,0.25,41,22
1376,0,-0.5,-0.5,0.25,41,23
1377,0,-0.5,-0.5,0.25,41,24
1378,-1,-0.5,-0.5,0.25,41,25
1379,0,-0.5,-0.5,0.25,41,26
1380,0,-0.5,-0.5,0.25,41,27
1381,0,-0.5,-0.5,0.25,41,28
1382,0,-0.5,-0.5,0.25,41,29
1383,-2,-0.5,0.5,-0.25,41,30
1384,0,-0.5,0.5,-0.25,41,31
1385,0,-0.5,0.5,-0.25,41,32
1386,-1,-0.5,-0.5,0.25,42,0
1387,-1,-0.5,-0.5,0.25,42,1
1388,0,-0.5,-0.5,0.25,42,2
1389,-3,-0.5,0.5,-0.25,42,3
1390,0,-0.5,-0.5,0.25,42,4
1391,0,-0.5,-0.5,0.25,42,5
1392,0,-0.5,-0.5,0.25,42,6
1393,0,-0.5,-0.5,0.25,42,7
1394,0,-0.5,-0.5,0.25,42,8
1395,0,-0.5,-0.5,0.25,42,9
1396,0,-0.5,-0.5,0.25,42,10
1397,0,-0.5,-0.5,0.25,42,11
1398,-1,-0.5,0.5,-0.25,42,12
1399,0,-0.5,-0.5,0.25,42,13
1400,0,-0.5,0.5,-0.25,42,14
1401,0,-0.5,-0.5,0.25,42,15
1402,0,-0.5,-0.5,0.25,42,16
1403,0,-0.5,-0.5,0.25,42,17
1404,0,-0.5,-0.5,0.25,42,18
1405,0,-0.5,-0.5,0.25,42,19
1406,0,-0.5,-0.5,0.25,42,20
1407,0,-0.5,-0.5,0.25,42,21
1408,0,-0.5,-0.5,0.25,42,22
1409,0,-0.5,-0.5,0.25,42,23
1410,0,-0.5,-0.5,0.25,42,24
1411,0,-0.5,-0.5,0.25,42,25
1412,0,-0.5,-0.5,0.25,42,26
1413,0,-0.5,-0.5,0.25,42,27
1414,0,-0.5,-0.5,0.25,42,28
1415,0,-0.5,-0.5,0.25,42,29
1416,0,-0.5,0.5,-0.25,42,30
1417,0,-0.5,0.5,-0.25,42,31
1418,0,-0.5,0.5,-0.25,42,32
1419,0,-0.5,-0.5,0.25,43,0
1420,-1,-0.5,-0.5,0.25,43,1
1421,0,-0.5,-0.5,0.25,43,2
1422,-3,-0.5,0.5,-0.25,43,3
1423,0,-0.5,-0.5,0.25,43,4
1424,0,-0.5,-0.5,0.25,43,5
1425,0,-0.5,-0.5,0.25,43,6
1426,0,-0.5,-0.5,0.25,43,7
1427,0,-0.5,-0.5,0.25,43,8
1428,0,-0.5,-0.5,0.25,43,9
1429,0,-0.5,-0.5,0.25,43,10
1430,0,-0.5,-0.5,0.25,43,11
1431,0,-0.5,0.5,-0.25,43,12
1432,0,-0.5,-0.5,0.25,43,13
1433,0,-0.5,0.5,-0.25,43,14
1434,0,-0.5,-0.5,0.25,43,15
1435,0,-0.5,-0.5,0.25,43,16
1436,0,-0.5,-0.5,0.25,43,17
1437,0,-0.5,-0.5,0.25,43,18
1438,0,-0.5,-0.5,0.25,43,19
1439,0,-0.5,-0.5,0.25,43,20
1440,0,-0.5,-0.5,0.25,43,21
1441,0,-0.5,-0.5,0.25,43,22
1442,0,-0.5,-0.5,0.25,43,23
1443,0,-0.5,-0.5,0.25,43,24
1444,-1,-0.5,-0.5,0.25,43,25
1445,0,-0.5,-0.5,0.25,43,26
1446,0,-0.5,-0.5,0.25,43,27
1447,0,-0.5,-0.5,0.25,43,28
1448,-1,-0.5,-0.5,0.25,43,29
1449,0,-0.5,0.5,-0.25,43,30
1450,0,-0.5,0.5,-0.25,43,31
1451,0,-0.5,0.5,-0.25,43,32
1452,0,-0.5,-0.5,0.25,44,0
1453,-1,-0.5,-0.5,0.25,44,1
1454,0,-0.5,-0.5,0.25,44,2
1455,-3,-0.5,0.5,-0.25,44,3
1456,0,-0.5,-0.5,0.25,44,4
1457,0,-0.5,-0.5,0.25,44,5
1458,0,-0.5,-0.5,0.25,44,6
1459,0,-0.5,-0.5,0.25,44,7
1460,0,-0.5,-0.5,0.25,44,8
1461,0,-0.5,-0.5,0.25,44,9
1462,0,-0.5,-0.5,0.25,44,10
1463,0,-0.5,-0.5,0.25,44,11
1464,-1,-0.5,0.5,-0.25,44,12
1465,0,-0.5,-0.5,0.25,44,13
1466,-1,-0.5,0.5,-0.25,44,14
1467,0,-0.5,-0.5,0.25,44,15
1468,0,-0.5,-0.5,0.25,44,16
1469,0,-0.5,-0.5,0.25,44,17
1470,0,-0.5,-0.5,0.25,44,18
1471,0,-0.5,-0.5,0.25,44,19
1472,0,-0.5,-0.5,0.25,44,20
1473,0,-0.5,-0.5,0.25,44,21
1474,0,-0.5,-0.5,0.25,44,22
1475,0,-0.5,-0.5,0.25,44,23
1476,0,-0.5,-0.5,0.25,44,24
1477,0,-0.5,-0.5,0.25,44,25
1478,0,-0.5,-0.5,0.25,44,26
1479,0,-0.5,-0.5,0.25,44,27
1480,0,-0.5,-0.5,0.25,44,28
1481,0,-0.5,-0.5,0.25,44,29
1482,0,-0.5,0.5,-0.25,44,30
1483,0,-0.5,0.5,-0.25,44,31
1484,0,-0.5,0.5,-0.25,44,32
1485,0,-0.5,-0.5,0.25,45,0
1486,-1,-0.5,-0.5,0.25,45,1
1487,0,-0.5,-0.5,0.25,45,2
1488,-3,-0.5,0.5,-0.25,45,3
1489,0,-0.5,-0.5,0.25,45,4
1490,0,-0.5,-0.5,0.25,45,5
1491,0,-0.5,-0.5,0.25,45,6
1492,0,-0.5,-0.5,0.25,45,7
1493,0,-0.5,-0.5,0.25,45,8
1494,0,-0.5,-0.5,0.25,45,9
1495,0,-0.5,-0.5,0.25,45,10
1496,0,-0.5,-0.5,0.25,45,11
1497,-1,-0.5,0.5,-0.25,45,12
1498,0,-0.5,-0.5,0.25,45,13
1499,-1,-0.5,0.5,-0.25,45,14
1500,0,-0.5,-0.5,0.25,45,15
1501,0,-0.5,-0.5,0.25,45,16
1502,0,-0.5,-0.5,0.25,45,17
1503,0,-0.5,-0.5,0.25,45,18
1504,0,-0.5,-0.5,0.25,45,19
1505,0,-0.5,-0.5,0.25,45,20
1506,0,-0.5,-0.5,0.25,45,21
1507,0,-0.5,-0.5,0.25,45,22
1508,0,-0.5,-0.5,0.25,45,23
1509,-2,-0.5,-0.5,0.25,45,24
1510,0,-0.5,-0.5,0.25,45,25
1511,0,-0.5,-0.5,0.25,45,26
1512,0,-0.5,-0.5,0.25,45,27
1513,0,-0.5,-0.5,0.25,45,28
1514,0,-0.5,-0.5,0.25,45,29
1515,0,-0.5,0.5,-0.25,45,30
1516,0,-0.5,0.5,-0.25,45,31
1517,0,-0.5,0.5,-0.25,45,32
1518,0,-0.5,-0.5,0.25,46,0
1519,-1,-0.5,-0.5,0.25,46,1
1520,0,-0.5,-0.5,0.25,46,2
1521,-3,-0.5,0.5,-0.25,46,3
1522,0,-0.5,-0.5,0.25,46,4
1523,0,-0.5,-0.5,0.25,46,5
1524,0,-0.5,-0.5,0.25,46,6
1525,0,-0.5,-0.5,0.25,46,7
1526,0,-0.5,-0.5,0.25,46,8
1527,0,-0.5,-0.5,0.25,46,9
1528,0,-0.5,-0.5,0.25,46,10
1529,0,-0.5,-0.5,0.25,46,11
1530,-1,-0.5,0.5,-0.25,46,12
1531,0,-0.5,-0.5,0.25,46,13
1532,0,-0.5,0.5,-0.25,46,14
1533,0,-0.5,-0.5,0.25,46,15
1534,0,-0.5,-0.5,0.25,46,16
1535,0,-0.5,-0.5,0.25,46,17
1536,0,-0.5,-0.5,0.25,46,18
1537,0,-0.5,-0.5,0.25,46,19
1538,0,-0.5,-0.5,0.25,46,20
1539,0,-0.5,-0.5,0.25,46,21
1540,0,-0.5,-0.5,0.25,46,22
1541,0,-0.5,-0.5,0.25,46,23
1542,0,-0.5,-0.5,0.25,46,24
1543,-1,-0.5,-0.5,0.25,46,25
1544,0,-0.5,-0.5,0.25,46,26
1545,0,-0.5,-0.5,0.25,46,27
1546,0,-0.5,-0.5,0.25,46,28
1547,0,-0.5,-0.5,0.25,46,29
1548,0,-0.5,0.5,-0.25,46,30
1549,0,-0.5,0.5,-0.25,46,31
1550,0,-0.5,0.5,-0.25,46,32
1551,0,-0.5,-0.5,0.25,47,0
1552,-1,-0.5,-0.5,0.25,47,1
1553,0,-0.5,-0.5,0.25,47,2
1554,-3,-0.5,0.5,-0.25,47,3
1555,0,-0.5,-0.5,0.25,47,4
1556,0,-0.5,-0.5,0.25,47,5
1557,0,-0.5,-0.5,0.25,47,6
1558,0,-0.5,-0.5,0.25,47,7
1559,0,-0.5,-0.5,0.25,47,8
1560,0,-0.5,-0.5,0.25,47,9
1561,0,-0.5,-0.5,0.25,47,10
1562,0,-0.5,-0.5,0.25,47,11
1563,-1,-0.5,0.5,-0.25,47,12
1564,0,-0.5,-0.5,0.25,47,13
1565,-1,-0.5,0.5,-0.25,47,14
1566,0,-0.5,-0.5,0.25,47,15
1567,0,-0.5,-0.5,0.25,47,16
1568,0,-0.5,-0.5,0.25,47,17
1569,0,-0.5,-0.5,0.25,47,18
1570,0,-0.5,-0.5,0.25,47,19
1571,0,-0.5,-0.5,0.25,47,20
1572,0,-0.5,-0.5,0.25,47,21
1573,0,-0.5,-0.5,0.25,47,22
1574,0,-0.5,-0.5,0.25,47,23
1575,0,-0.5,-0.5,0.25,47,24
1576,-1,-0.5,-0.5,0.25,47,25
1577,0,-0.5,-0.5,0.25,47,26
1578,0,-0.5,-0.5,0.25,47,27
1579,0,-0.5,-0.5,0.25,47,28
1580,0,-0.5,-0.5,0.25,47,29
1581,0,-0.5,0.5,-0.25,47,30
1582,0,-0.5,0.5,-0.25,47,31
1583,0,-0.5,0.5,-0.25,47,32
1584,0,-0.5,-0.5,0.25,48,0
1585,-1,-0.5,-0.5,0.25,48,1
1586,0,-0.5,-0.5,0.25,48,2
1587,0,-0.5,0.5,-0.25,48,3
1588,0,-0.5,-0.5,0.25,48,4
1589,0,-0.5,-0.5,0.25,48,5
1590,0,-0.5,-0.5,0.25,48,6
1591,0,-0.5,-0.5,0.25,48,7
1592,-2,-0.5,-0.5,0.25,48,8
1593,0,-0.5,-0.5,0.25,48,9
1594,0,-0.5,-0.5,0.25,48,10
1595,0,-0.5,-0.5,0.25,48,11
1596,-1,-0.5,0.5,-0.25,48,12
1597,0,-0.5,-0.5,0.25,48,13
1598,0,-0.5,0.5,-0.25,48,14
1599,0,-0.5,-0.5,0.25,48,15
1600,0,-0.5,-0.5,0.25,48,16
1601,-1,-0.5,-0.5,0.25,48,17
1602,0,-0.5,-0.5,0.25,48,18
1603,0,-0.5,-0.5,0.25,48,19
1604,0,-0.5,-0.5,0.25,48,20
1605,0,-0.5,-0.5,0.25,48,21
1606,0,-0.5,-0.5,0.25,48,22
1607,0,-0.5,-0.5,0.25,48,23
1608,0,-0.5,-0.5,0.25,48,24
1609,-1,-0.5,-0.5,0.25,48,25
1610,0,-0.5,-0.5,0.25,48,26
1611,0,-0.5,-0.5,0.25,48,27
1612,0,-0.5,-0.5,0.25,48,28
1613,0,-0.5,-0.5,0.25,48,29
1614,0,-0.5,0.5,-0.25,48,30
1615,0,-0.5,0.5,-0.25,48,31
1616,0,-0.5,0.5,-0.25,48,32
1617,0,-0.5,-0.5,0.25,49,0
1618,-1,-0.5,-0.5,0.25,49,1
1619,0,-0.5,-0.5,0.25,49,2
1620,-3,-0.5,0.5,-0.25,49,3
1621,0,-0.5,-0.5,0.25,49,4
1622,0,-0.5,-0.5,0.25,49,5
1623,0,-0.5,-0.5,0.25,49,6
1624,0,-0.5,-0.5,0.25,49,7
1625,-2,-0.5,-0.5,0.25,49,8
1626,0,-0.5,-0.5,0.25,49,9
1627,0,-0.5,-0.5,0.25,49,10
1628,0,-0.5,-0.5,0.25,49,11
1629,-1,-0.5,0.5,-0.25,49,12
1630,0,-0.5,-0.5,0.25,49,13
1631,0,-0.5,0.5,-0.25,49,14
1632,0,-0.5,-0.5,0.25,49,15
1633,0,-0.5,-0.5,0.25,49,16
1634,0,-0.5,-0.5,0.25,49,17
1635,0,-0.5,-0.5,0.25,49,18
1636,0,-0.5,-0.5,0.25,49,19
1637,0,-0.5,-0.5,0.25,49,20
1638,0,-0.5,-0.5,0.25,49,21
1639,0,-0.5,-0.5,0.25,49,22
1640,0,-0.5,-0.5,0.25,49,23
1641,0,-0.5,-0.5,0.25,49,24
1642,0,-0.5,-0.5,0.25,49,25
1643,0,-0.5,-0.5,0.25,49,26
1644,0,-0.5,-0.5,0.25,49,27
1645,0,-0.5,-0.5,0.25,49,28
1646,0,-0.5,-0.5,0.25,49,29
1647,0,-0.5,0.5,-0.25,49,30
1648,0,-0.5,0.5,-0.25,49,31
1649,0,-0.5,0.5,-0.25,49,32
1650,0,0.5,-0.5,-0.25,0,0
1651,0,0.5,-0.5,-0.25,0,1
1652,0,0.5,-0.5,-0.25,0,2
1653,0,0.5,0.5,0.25,0,3
1654,0,0.5,-0.5,-0.25,0,4
1655,0,0.5,-0.5,-0.25,0,5
1656,0,0.5,-0.5,-0.25,0,6
1657,0,0.5,-0.5,-0.25,0,7
1658,0,0.5,-0.5,-0.25,0,8
1659,0,0.5,-0.5,-0.25,0,9
1660,0,0.5,-0.5,-0.25,0,10
1661,0,0.5,-0.5,-0.25,0,11
1662,-1,0.5,0.5,0.25,0,12
1663,0,0.5,-0.5,-0.25,0,13
1664,0,0.5,0.5,0.25,0,14
1665,0,0.5,-0.5,-0.25,0,15
1666,0,0.5,-0.5,-0.25,0,16
1667,0,0.5,-0.5,-0.25,0,17
1668,0,0.5,-0.5,-0.25,0,18
1669,0,0.5,-0.5,-0.25,0,19
1670,0,0.5,-0.5,-0.25,0,20
1671,0,0.5,-0.5,-0.25,0,21
1672,0,0.5,-0.5,-0.25,0,22
1673,0,0.5,-0.5,-0.25,0,23
1674,-2,0.5,-0.5,-0.25,0,24
1675,0,0.5,-0.5,-0.25,0,25
1676,0,0.5,-0.5,-0.25,0,26
1677,0,0.5,-0.5,-0.25,0,27
1678,0,0.5,-0.5,-0.25,0,28
1679,0,0.5,-0.5,-0.25,0,29
1680,0,0.5,0.5,0.25,0,30
1681,0,0.5,0.5,0.25,0,31
1682,0,0.5,0.5,0.25,0,32
1683,0,0.5,-0.5,-0.25,1,0
1684,-1,0.5,-0.5,-0.25,1,1
1685,0,0.5,-0.5,-0.25,1,2
1686,0,0.5,0.5,0.25,1,3
1687,0,0.5,-0.5,-0.25,1,4
1688,0,0.5,-0.5,-0.25,1,5
1689,0,0.5,-0.5,-0.25,1,6
1690,0,0.5,-0.5,-0.25,1,7
1691,0,0.5,-0.5,-0.25,1,8
1692,0,0.5,-0.5,-0.25,1,9
1693,0,0.5,-0.5,-0.25,1,10
1694,0,0.5,-0.5,-0.25,1,11
1695,-1,0.5,0.5,0.25,1,12
1696,0,0.5,-0.5,-0.25,1,13
1697,0,0.5,0.5,0.25,1,14
1698,0,0.5,-0.5,-0.25,1,15
1699,0,0.5,-0.5,-0.25,1,16
1700,0,0.5,-0.5,-0.25,1,17
1701,0,0.5,-0.5,-0.25,1,18
1702,0,0.5,-0.5,-0.25,1,19
1703,0,0.5,-0.5,-0.25,1,20
1704,0,0.5,-0.5,-0.25,1,21
1705,0,0.5,-0.5,-0.25,1,22
1706,0,0.5,-0.5,-0.25,1,23
1707,0,0.5,-0.5,-0.25,1,24
1708,0,0.5,-0.5,-0.25,1,25
1709,0,0.5,-0.5,-0.25,1,26
1710,0,0.5,-0.5,-0.25,1,27
1711,0,0.5,-0.5,-0.25,1,28
1712,0,0.5,-0.5,-0.25,1,29
1713,0,0.5,0.5,0.25,1,30
1714,0,0.5,0.5,0.25,1,31
1715,0,0.5,0.5,0.25,1,32
1716,0,0.5,-0.5,-0.25,2,0
1717,-1,0.5,-0.5,-0.25,2,1
1718,0,0.5,-0.5,-0.25,2,2
1719,0,0.5,0.5,0.25,2,3
1720,0,0.5,-0.5,-0.25,2,4
1721,0,0.5,-0.5,-0.25,2,5
1722,0,0.5,-0.5,-0.25,2,6
1723,0,0.5,-0.5,-0.25,2,7
1724,0,0.5,-0.5,-0.25,2,8
1725,0,0.5,-0.5,-0.25,2,9
1726,0,0.5,-0.5,-0.25,2,10
1727,0,0.5,-0.5,-0.25,2,11
1728,-1,0.5,0.5,0.25,2,12
1729,0,0.5,-0.5,-0.25,2,13
1730,0,0.5,0.5,0.25,2,14
1731,0,0.5,-0.5,-0.25,2,15
1732,0,0.5,-0.5,-0.25,2,16
1733,0,0.5,-0.5,-0.25,2,17
1734,0,0.5,-0.5,-0.25,2,18
1735,0,0.5,-0.5,-0.25,2,19
1736,0,0.5,-0.5,-0.25,2,20
1737,0,0.5,-0.5,-0.25,2,21
1738,0,0.5,-0.5,-0.25,2,22
1739,0,0.5,-0.5,-0.25,2,23
1740,-2,0.5,-0.5,-0.25,2,24
1741,-1,0.5,-0.5,-0.25,2,25
1742,0,0.5,-0.5,-0.25,2,26
1743,0,0.5,-0.5,-0.25,2,27
1744,0,0.5,-0.5,-0.25,2,28
1745,0,0.5,-0.5,-0.25,2,29
1746,0,0.5,0.5,0.25,2,30
1747,0,0.5,0.5,0.25,2,31
1748,0,0.5,0.5,0.25,2,32
1749,0,0.5,-0.5,-0.25,3,0
1750,0,0.5,-0.5,-0.25,3,1
1751,0,0.5,-0.5,-0.25,3,2
1752,0,0.5,0.5,0.25,3,3
1753,0,0.5,-0.5,-0.25,3,4
1754,0,0.5,-0.5,-0.25,3,5
1755,0,0.5,-0.5,-0.25,3,6
1756,0,0.5,-0.5,-0.25,3,7
1757,0,0.5,-0.5,-0.25,3,8
1758,0,0.5,-0.5,-0.25,3,9
1759,0,0.5,-0.5,-0.25,3,10
1760,0,0.5,-0.5,-0.25,3,11
1761,-1,0.5,0.5,0.25,3,12
1762,0,0.5,-0.5,-0.25,3,13
1763,0,0.5,0.5,0.25,3,14
1764,0,0.5,-0.5,-0.25,3,15
1765,0,0.5,-0.5,-0.25,3,16
1766,0,0.5,-0.5,-0.25,3,17
1767,0,0.5,-0.5,-0.25,3,18
1768,0,0.5,-0.5,-0.25,3,19
1769,0,0.5,-0.5,-0.25,3,20
1770,0,0.5,-0.5,-0.25,3,21
1771,0,0.5,-0.5,-0.25,3,22
1772,0,0.5,-0.5,-0.25,3,23
1773,0,0.5,-0.5,-0.25,3,24
1774,0,0.5,-0.5,-0.25,3,25
1775,0,0.5,-0.5,-0.25,3,26
1776,0,0.5,-0.5,-0.25,3,27
1777,0,0.5,-0.5,-0.25,3,28
1778,0,0.5,-0.5,-0.25,3,29
1779,0,0.5,0.5,0.25,3,30
1780,0,0.5,0.5,0.25,3,31
1781,0,0.5,0.5,0.25,3,32
1782,0,0.5,-0.5,-0.25,4,0
1783,-1,0.5,-0.5,-0.25,4,1
1784,0,0.5,-0.5,-0.25,4,2
1785,0,0.5,0.5,0.25,4,3
1786,0,0.5,-0.5,-0.25,4,4
1787,0,0.5,-0.5,-0.25,4,5
1788,0,0.5,-0.5,-0.25,4,6
1789,0,0.5,-0.5,-0.25,4,7
1790,0,0.5,-0.5,-0.25,4,8
1791,0,0.5,-0.5,-0.25,4,9
1792,0,0.5,-0.5,-0.25,4,10
1793,0,0.5,-0.5,-0.25,4,11
1794,-1,0.5,0.5,0.25,4,12
1795,0,0.5,-0.5,-0.25,4,13
1796,0,0.5,0.5,0.25,4,14
1797,0,0.5,-0.5,-0.25,4,15
1798,0,0.5,-0.5,-0.25,4,16
1799,0,0.5,-0.5,-0.25,4,17
1800,0,0.5,-0.5,-0.25,4,18
1801,0,0.5,-0.5,-0.25,4,19
1802,0,0.5,-0.5,-0.25,4,20
1803,0,0.5,-0.5,-0.25,4,21
1804,0,0.5,-0.5,-0.25,4,22
1805,0,0.5,-0.5,-0.25,4,23
1806,0,0.5,-0.5,-0.25,4,24
1807,-1,0.5,-0.5,-0.25,4,25
1808,0,0.5,-0.5,-0.25,4,26
1809,0,0.5,-0.5,-0.25,4,27
1810,0,0.5,-0.5,-0.25,4,28
1811,0,0.5,-0.5,-0.25,4,29
1812,-2,0.5,0.5,0.25,4,30
1813,0,0.5,0.5,0.25,4,31
1814,0,0.5,0.5,0.25,4,32
1815,0,0.5,-0.5,-0.25,5,0
1816,-1,0.5,-0.5,-0.25,5,1
1817,0,0.5,-0.5,-0.25,5,2
1818,0,0.5,0.5,0.25,5,3
1819,0,0.5,-0.5,-0.25,5,4
1820,0,0.5,-0.5,-0.25,5,5
1821,0,0.5,-0.5,-0.25,5,6
1822,0,0.5,-0.5,-0.25,5,7
1823,0,0.5,-0.5,-0.25,5,8
1824,0,0.5,-0.5,-0.25,5,9
1825,0,0.5,-0.5,-0.25,5,10
1826,0,0.5,-0.5,-0.25,5,11
1827,-1,0.5,0.5,0.25,5,12
1828,0,0.5,-0.5,-0.25,5,13
1829,0,0.5,0.5,0.25,5,14
1830,0,0.5,-0.5,-0.25,5,15
1831,0,0.5,-0.5,-0.25,5,16
1832,0,0.5,-0.5,-0.25,5,17
1833,0,0.5,-0.5,-0.25,5,18
1834,0,0.5,-0.5,-0.25,5,19
1835,0,0.5,-0.5,-0.25,5,20
1836,0,0.5,-0.5,-0.25,5,21
1837,0,0.5,-0.5,-0.25,5,22
1838,0,0.5,-0.5,-0.25,5,23
1839,0,0.5,-0.5,-0.25,5,24
1840,0,0.5,-0.5,-0.25,5,25
1841,0,0.5,-0.5,-0.25,5,26
1842,0,0.5,-0.5,-0.25,5,27
1843,0,0.5,-0.5,-0.25,5,28
1844,0,0.5,-0.5,-0.25,5,29
1845,0,0.5,0.5,0.25,5,30
1846,0,0.5,0.5,0.25,5,31
1847,0,0.5,0.5,0.25,5,32
1848,0,0.5,-0.5,-0.25,6,0
1849,-1,0.5,-0.5,-0.25,6,1
1850,0,0.5,-0.5,-0.25,6,2
1851,0,0.5,0.5,0.25,6,3
1852,0,0.5,-0.5,-0.25,6,4
1853,0,0.5,-0.5,-0.25,6,5
1854,0,0.5,-0.5,-0.25,6,6
1855,0,0.5,-0.5,-0.25,6,7
1856,0,0.5,-0.5,-0.25,6,8
1857,0,0.5,-0.5,-0.25,6,9
1858,0,0.5,-0.5,-0.25,6,10
1859,0,0.5,-0.5,-0.25,6,11
1860,-1,0.5,0.5,0.25,6,12
1861,0,0.5,-0.5,-0.25,6,13
1862,0,0.5,0.5,0.25,6,14
1863,0,0.5,-0.5,-0.25,6,15
1864,0,0.5,-0.5,-0.25,6,16
1865,0,0.5,-0.5,-0.25,6,17
1866,0,0.5,-0.5,-0.25,6,18
1867,0,0.5,-0.5,-0.25,6,19
1868,0,0.5,-0.5,-0.25,6,20
1869,0,0.5,-0.5,-0.25,6,21
1870,0,0.5,-0.5,-0.25,6,22
1871,0,0.5,-0.5,-0.25,6,23
1872,-2,0.5,-0.5,-0.25,6,24
1873,-1,0.5,-0.5,-0.25,6,25
1874,0,0.5,-0.5,-0.25,6,26
1875,0,0.5,-0.5,-0.25,6,27
1876,0,0.5,-0.5,-0.25,6,28
1877,0,0.5,-0.5,-0.25,6,29
1878,0,0.5,0.5,0.25,6,30
1879,0,0.5,0.5,0.25,6,31
1880,0,0.5,0.5,0.25,6,32
1881,0,0.5,-0.5,-0.25,7,0
1882,-1,0.5,-0.5,-0.25,7,1
1883,0,0.5,-0.5,-0.25,7,2
1884,0,0.5,0.5,0.25,7,3
1885,0,0.5,-0.5,-0.25,7,4
1886,0,0.5,-0.5,-0.25,7,5
1887,0,0.5,-0.5,-0.25,7,6
1888,0,0.5,-0.5,-0.25,7,7
1889,0,0.5,-0.5,-0.25,7,8
1890,0,0.5,-0.5,-0.25,7,9
1891,0,0.5,-0.5,-0.25,7,10
1892,0,0.5,-0.5,-0.25,7,11
1893,0,0.5,0.5,0.25,7,12
1894,0,0.5,-0.5,-0.25,7,13
1895,0,0.5,0.5,0.25,7,14
1896,0,0.5,-0.5,-0.25,7,15
1897,0,0.5,-0.5,-0.25,7,16
1898,0,0.5,-0.5,-0.25,7,17
1899,0,0.5,-0.5,-0.25,7,18
1900,0,0.5,-0.5,-0.25,7,19
1901,0,0.5,-0.5,-0.25,7,20
1902,0,0.5,-0.5,-0.25,7,21
1903,0,0.5,-0.5,-0.25,7,22
1904,0,0.5,-0.5,-0.25,7,23
1905,0,0.5,-0.5,-0.25,7,24
1906,-1,0.5,-0.5,-0.25,7,25
1907,0,0.5,-0.5,-0.25,7,26
1908,0,0.5,-0.5,-0.25,7,27
1909,0,0.5,-0.5,-0.25,7,28
1910,0,0.5,-0.5,-0.25,7,29
1911,0,0.5,0.5,0.25,7,30
1912,0,0.5,0.5,0.25,7,31
1913,0,0.5,0.5,0.25,7,32
1914,0,0.5,-0.5,-0.25,8,0
1915,0,0.5,-0.5,-0.25,8,1
1916,0,0.5,-0.5,-0.25,8,2
1917,0,0.5,0.5,0.25,8,3
1918,0,0.5,-0.5,-0.25,8,4
1919,0,0.5,-0.5,-0.25,8,5
1920,0,0.5,-0.5,-0.25,8,6
1921,0,0.5,-0.5,-0.25,8,7
1922,0,0.5,-0.5,-0.25,8,8
1923,0,0.5,-0.5,-0.25,8,9
1924,0,0.5,-0.5,-0.25,8,10
1925,0,0.5,-0.5,-0.25,8,11
1926,-1,0.5,0.5,0.25,8,12
1927,0,0.5,-0.5,-0.25,8,13
1928,0,0.5,0.5,0.25,8,14
1929,0,0.5,-0.5,-0.25,8,15
1930,0,0.5,-0.5,-0.25,8,16
1931,0,0.5,-0.5,-0.25,8,17
1932,0,0.5,-0.5,-0.25,8,18
1933,0,0.5,-0.5,-0.25,8,19
1934,0,0.5,-0.5,-0.25,8,20
1935,0,0.5,-0.5,-0.25,8,21
1936,0,0.5,-0.5,-0.25,8,22
1937,0,0.5,-0.5,-0.25,8,23
1938,0,0.5,-0.5,-0.25,8,24
1939,-1,0.5,-0.5,-0.25,8,25
1940,0,0.5,-0.5,-0.25,8,26
1941,0,0.5,-0.5,-0.25,8,27
1942,0,0.5,-0.5,-0.25,8,28
1943,0,0.5,-0.5,-0.25,8,29
1944,0,0.5,0.5,0.25,8,30
1945,0,0.5,0.5,0.25,8,31
1946,0,0.5,0.5,0.25,8,32
1947,0,0.5,-0.5,-0.25,9,0
1948,-1,0.5,-0.5,-0.25,9,1
1949,0,0.5,-0.5,-0.25,9,2
1950,0,0.5,0.5,0.25,9,3
1951,0,0.5,-0.5,-0.25,9,4
1952,0,0.5,-0.5,-0.25,9,5
1953,0,0.5,-0.5,-0.25,9,6
1954,0,0.5,-0.5,-0.25,9,7
1955,0,0.5,-0.5,-0.25,9,8
1956,0,0.5,-0.5,-0.25,9,9
1957,0,0.5,-0.5,-0.25,9,10
1958,0,0.5,-0.5,-0.25,9,11
1959,0,0.5,0.5,0.25,9,12
1960,0,0.5,-0.5,-0.25,9,13
1961,0,0.5,0.5,0.25,9,14
1962,0,0.5,-0.5,-0.25,9,15
1963,0,0.5,-0.5,-0.25,9,16
1964,0,0.5,-0.5,-0.25,9,17
1965,0,0.5,-0.5,-0.25,9,18
1966,0,0.5,-0.5,-0.25,9,19
1967,0,0.5,-0.5,-0.25,9,20
1968,0,0.5,-0.5,-0.25,9,21
1969,0,0.5,-0.5,-0.25,9,22
1970,0,0.5,-0.5,-0.25,9,23
1971,0,0.5,-0.5,-0.25,9,24
1972,-1,0.5,-0.5,-0.25,9,25
1973,0,0.5,-0.5,-0.25,9,26
1974,0,0.5,-0.5,-0.25,9,27
1975,0,0.5,-0.5,-0.25,9,28
1976,0,0.5,-0.5,-0.25,9,29
1977,0,0.5,0.5,0.25,9,30
1978,0,0.5,0.5,0.25,9,31
1979,0,0.5,0.5,0.25,9,32
1980,0,0.5,-0.5,-0.25,10,0
1981,-1,0.5,-0.5,-0.25,10,1
1982,0,0.5,-0.5,-0.25,10,2
1983,0,0.5,0.5,0.25,10,3
1984,0,0.5,-0.5,-0.25,10,4
1985,0,0.5,-0.5,-0.25,10,5
1986,0,0.5,-0.5,-0.25,10,6
1987,0,0.5,-0.5,-0.25,10,7
1988,0,0.5,-0.5,-0.25,10,8
1989,0,0.5,-0.5,-0.25,10,9
1990,0,0.5,-0.5,-0.25,10,10
1991,0,0.5,-0.5,-0.25,10,11
1992,-1,0.5,0.5,0.25,10,12
1993,0,0.5,-0.5,-0.25,10,13
1994,0,0.5,0.5,0.25,10,14
1995,0,0.5,-0.5,-0.25,10,15
1996,0,0.5,-0.5,-0.25,10,16
1997,0,0.5,-0.5,-0.25,10,17
1998,0,0.5,-0.5,-0.25,10,18
1999,0,0.5,-0.5,-0.25,10,19
2000,0,0.5,-0.5,-0.25,10,20
2001,0,0.5,-0.5,-0.25,10,21
2002,0,0.5,-0.5,-0.25,10,22
2003,0,0.5,-0.5,-0.25,10,23
2004,0,0.5,-0.5,-0.25,10,24
2005,-1,0.5,-0.5,-0.25,10,25
2006,0,0.5,-0.5,-0.25,10,26
2007,0,0.5,-0.5,-0.25,10,27
2008,0,0.5,-0.5,-0.25,10,28
2009,0,0.5,-0.5,-0.25,10,29
2010,0,0.5,0.5,0.25,10,30
2011,0,0.5,0.5,0.25,10,31
2012,0,0.5,0.5,0.25,10,32
2013,0,0.5,-0.5,-0.25,11,0
2014,-1,0.5,-0.5,-0.25,11,1
2015,0,0.5,-0.5,-0.25,11,2
2016,0,0.5,0.5,0.25,11,3
2017,0,0.5,-0.5,-0.25,11,4
2018,0,0.5,-0.5,-0.25,11,5
2019,0,0.5,-0.5,-0.25,11,6
2020,0,0.5,-0.5,-0.25,11,7
2021,0,0.5,-0.5,-0.25,11,8
2022,0,0.5,-0.5,-0.25,11,9
2023,0,0.5,-0.5,-0.25,11,10
2024,0,0.5,-0.5,-0.25,11,11
2025,-1,0.5,0.5,0.25,11,12
2026,0,0.5,-0.5,-0.25,11,13
2027,0,0.5,0.5,0.25,11,14
2028,0,0.5,-0.5,-0.25,11,15
2029,0,0.5,-0.5,-0.25,11,16
2030,0,0.5,-0.5,-0.25,11,17
2031,0,0.5,-0.5,-0.25,11,18
2032,0,0.5,-0.5,-0.25,11,19
2033,0,0.5,-0.5,-0.25,11,20
2034,0,0.5,-0.5,-0.25,11,21
2035,0,0.5,-0.5,-0.25,11,22
2036,0,0.5,-0.5,-0.25,11,23
2037,0,0.5,-0.5,-0.25,11,24
2038,-1,0.5,-0.5,-0.25,11,25
2039,0,0.5,-0.5,-0.25,11,26
2040,0,0.5,-0.5,-0.25,11,27
2041,0,0.5,-0.5,-0.25,11,28
2042,0,0.5,-0.5,-0.25,11,29
2043,0,0.5,0.5,0.25,11,30
2044,0,0.5,0.5,0.25,11,31
2045,0,0.5,0.5,0.25,11,32
2046,0,0.5,-0.5,-0.25,12,0
2047,-1,0.5,-0.5,-0.25,12,1
2048,0,0.5,-0.5,-0.25,12,2
2049,0,0.5,0.5,0.25,12,3
2050,0,0.5,-0.5,-0.25,12,4
2051,0,0.5,-0.5,-0.25,12,5
2052,0,0.5,-0.5,-0.25,12,6
2053,0,0.5,-0.5,-0.25,12,7
2054,0,0.5,-0.5,-0.25,12,8
2055,0,0.5,-0.5,-0.25,12,9
2056,0,0.5,-0.5,-0.25,12,10
2057,0,0.5,-0.5,-0.25,12,11
2058,-1,0.5,0.5,0.25,12,12
2059,0,0.5,-0.5,-0.25,12,13
2060,0,0.5,0.5,0.25,12,14
2061,0,0.5,-0.5,-0.25,12,15
2062,0,0.5,-0.5,-0.25,12,16
2063,0,0.5,-0.5,-0.25,12,17
2064,0,0.5,-0.5,-0.25,12,18
2065,0,0.5,-0.5,-0.25,12,19
2066,0,0.5,-0.5,-0.25,12,20
2067,0,0.5,-0.5,-0.25,12,21
2068,0,0.5,-0.5,-0.25,12,22
2069,0,0.5,-0.5,-0.25,12,23
2070,0,0.5,-0.5,-0.25,12,24
2071,-1,0.5,-0.5,-0.25,12,25
2072,0,0.5,-0.5,-0.25,12,26
2073,0,0.5,-0.5,-0.25,12,27
2074,0,0.5,-0.5,-0.25,12,28
2075,0,0.5,-0.5,-0.25,12,29
2076,0,0.5,0.5,0.25,12,30
2077,0,0.5,0.5,0.25,12,31
2078,0,0.5,0.5,0.25,12,32
2079,0,0.5,-0.5,-0.25,13,0
2080,-1,0.5,-0.5,-0.25,13,1
2081,0,0.5,-0.5,-0.25,13,2
2082,0,0.5,0.5,0.25,13,3
2083,0,0.5,-0.5,-0.25,13,4
2084,0,0.5,-0.5,-0.25,13,5
2085,0,0.5,-0.5,-0.25,13,6
2086,0,0.5,-0.5,-0.25,13,7
2087,0,0.5,-0.5,-0.25,13,8
2088,0,0.5,-0.5,-0.25,13,9
2089,0,0.5,-0.5,-0.25,13,10
2090,0,0.5,-0.5,-0.25,13,11
2091,-1,0.5,0.5,0.25,13,12
2092,0,0.5,-0.5,-0.25,13,13
2093,0,0.5,0.5,0.25,13,14
2094,0,0.5,-0.5,-0.25,13,15
2095,0,0.5,-0.5,-0.25,13,16
2096,0,0.5,-0.5,-0.25,13,17
2097,0,0.5,-0.5,-0.25,13,18
2098,0,0.5,-0.5,-0.25,13,19
2099,0,0.5,-0.5,-0.25,13,20
2100,0,0.5,-0.5,-0.25,13,21
2101,0,0.5,-0.5,-0.25,13,22
2102,0,0.5,-0.5,-0.25,13,23
2103,0,0.5,-0.5,-0.25,13,24
2104,0,0.5,-0.5,-0.25,13,25
2105,0,0.5,-0.5,-0.25,13,26
2106,0,0.5,-0.5,-0.25,13,27
2107,0,0.5,-0.5,-0.25,13,28
2108,0,0.5,-0.5,-0.25,13,29
2109,0,0.5,0.5,0.25,13,30
2110,0,0.5,0.5,0.25,13,31
2111,0,0.5,0.5,0.25,13,32
2112,0,0.5,-0.5,-0.25,14,0
2113,-1,0.5,-0.5,-0.25,14,1
2114,0,0.5,-0.5,-0.25,14,2
2115,0,0.5,0.5,0.25,14,3
2116,0,0.5,-0.5,-0.25,14,4
2117,0,0.5,-0.5,-0.25,14,5
2118,0,0.5,-0.5,-0.25,14,6
2119,0,0.5,-0.5,-0.25,14,7
2120,0,0.5,-0.5,-0.25,14,8
2121,0,0.5,-0.5,-0.25,14,9
2122,0,0.5,-0.5,-0.25,14,10
2123,0,0.5,-0.5,-0.25,14,11
2124,0,0.5,0.5,0.25,14,12
2125,0,0.5,-0.5,-0.25,14,13
2126,0,0.5,0.5,0.25,14,14
2127,0,0.5,-0.5,-0.25,14,15
2128,0,0.5,-0.5,-0.25,14,16
2129,0,0.5,-0.5,-0.25,14,17
2130,0,0.5,-0.5,-0.25,14,18
2131,0,0.5,-0.5,-0.25,14,19
2132,0,0.5,-0.5,-0.25,14,20
2133,0,0.5,-0.5,-0.25,14,21
2134,0,0.5,-0.5,-0.25,14,22
2135,0,0.5,-0.5,-0.25,14,23
2136,0,0.5,-0.5,-0.25,14,24
2137,0,0.5,-0.5,-0.25,14,25
2138,0,0.5,-0.5,-0.25,14,26
2139,0,0.5,-0.5,-0.25,14,27
2140,0,0.5,-0.5,-0.25,14,28
2141,0,0.5,-0.5,-0.25,14,29
2142,0,0.5,0.5,0.25,14,30
2143,0,0.5,0.5,0.25,14,31
2144,0,0.5,0.5,0.25,14,32
2145,0,0.5,-0.5,-0.25,15,0
2146,-1,0.5,-0.5,-0.25,15,1
2147,0,0.5,-0.5,-0.25,15,2
2148,0,0.5,0.5,0.25,15,3
2149,0,0.5,-0.5,-0.25,15,4
2150,0,0.5,-0.5,-0.25,15,5
2151,0,0.5,-0.5,-0.25,15,6
2152,0,0.5,-0.5,-0.25,15,7
2153,0,0.5,-0.5,-0.25,15,8
2154,0,0.5,-0.5,-0.25,15,9
2155,0,0.5,-0.5,-0.25,15,10
2156,0,0.5,-0.5,-0.25,15,11
2157,-1,0.5,0.5,0.25,15,12
2158,0,0.5,-0.5,-0.25,15,13
2159,0,0.5,0.5,0.25,15,14
2160,0,0.5,-0.5,-0.25,15,15
2161,0,0.5,-0.5,-0.25,15,16
2162,0,0.5,-0.5,-0.25,15,17
2163,0,0.5,-0.5,-0.25,15,18
2164,0,0.5,-0.5,-0.25,15,19
2165,0,0.5,-0.5,-0.25,15,20
2166,0,0.5,-0.5,-0.25,15,21
2167,0,0.5,-0.5,-0.25,15,22
2168,0,0.5,-0.5,-0.25,15,23
2169,0,0.5,-0.5,-0.25,15,24
2170,-1,0.5,-0.5,-0.25,15,25
2171,0,0.5,-0.5,-0.25,15,26
2172,0,0.5,-0.5,-0.25,15,27
2173,0,0.5,-0.5,-0.25,15,28
2174,0,0.5,-0.5,-0.25,15,29
2175,0,0.5,0.5,0.25,15,30
2176,0,0.5,0.5,0.25,15,31
2177,0,0.5,0.5,0.25,15,32
2178,0,0.5,-0.5,-0.25,16,0
2179,-1,0.5,-0.5,-0.25,16,1
2180,0,0.5,-0.5,-0.25,16,2
2181,0,0.5,0.5,0.25,16,3
2182,0,0.5,-0.5,-0.25,16,4
2183,0,0.5,-0.5,-0.25,16,5
2184,0,0.5,-0.5,-0.25,16,6
2185,0,0.5,-0.5,-0.25,16,7
2186,0,0.5,-0.5,-0.25,16,8
2187,0,0.5,-0.5,-0.25,16,9
2188,0,0.5,-0.5,-0.25,16,10
2189,0,0.5,-0.5,-0.25,16,11
2190,-1,0.5,0.5,0.25,16,12
2191,0,0.5,-0.5,-0.25,16,13
2192,0,0.5,0.5,0.25,16,14
2193,0,0.5,-0.5,-0.25,16,15
2194,0,0.5,-0.5,-0.25,16,16
2195,0,0.5,-0.5,-0.25,16,17
2196,0,0.5,-0.5,-0.25,16,18
2197,0,0.5,-0.5,-0.25,16,19
2198,0,0.5,-0.5,-0.25,16,20
2199,0,0.5,-0.5,-0.25,16,21
2200,0,0.5,-0.5,-0.25,16,22
2201,0,0.5,-0.5,-0.25,16,23
2202,0,0.5,-0.5,-0.25,16,24
2203,-1,0.5,-0.5,-0.25,16,25
2204,0,0.5,-0.5,-0.25,16,26
2205,0,0.5,-0.5,-0.25,16,27
2206,0,0.5,-0.5,-0.25,16,28
2207,0,0.5,-0.5,-0.25,16,29
2208,0,0.5,0.5,0.25,16,30
2209,0,0.5,0.5,0.25,16,31
2210,0,0.5,0.5,0.25,16,32
2211,0,0.5,-0.5,-0.25,17,0
2212,-1,0.5,-0.5,-0.25,17,1
2213,0,0.5,-0.5,-0.25,17,2
2214,0,0.5,0.5,0.25,17,3
2215,0,0.5,-0.5,-0.25,17,4
2216,0,0.5,-0.5,-0.25,17,5
2217,0,0.5,-0.5,-0.25,17,6
2218,0,0.5,-0.5,-0.25,17,7
2219,0,0.5,-0.5,-0.25,17,8
2220,0,0.5,-0.5,-0.25,17,9
2221,0,0.5,-0.5,-0.25,17,10
2222,0,0.5,-0.5,-0.25,17,11
2223,-1,0.5,0.5,0.25,17,12
2224,0,0.5,-0.5,-0.25,17,13
2225,0,0.5,0.5,0.25,17,14
2226,0,0.5,-0.5,-0.25,17,15
2227,0,0.5,-0.5,-0.25,17,16
2228,0,0.5,-0.5,-0.25,17,17
2229,0,0.5,-0.5,-0.25,17,18
2230,0,0.5,-0.5,-0.25,17,19
2231,0,0.5,-0.5,-0.25,17,20
2232,0,0.5,-0.5,-0.25,17,21
2233,0,0.5,-0.5,-0.25,17,22
2234,0,0.5,-0.5,-0.25,17,23
2235,0,0.5,-0.5,-0.25,17,24
2236,0,0.5,-0.5,-0.25,17,25
2237,0,0.5,-0.5,-0.25,17,26
2238,0,0.5,-0.5,-0.25,17,27
2239,0,0.5,-0.5,-0.25,17,28
2240,0,0.5,-0.5,-0.25,17,29
2241,0,0.5,0.5,0.25,17,30
2242,0,0.5,0.5,0.25,17,31
2243,0,0.5,0.5,0.25,17,32
2244,0,0.5,-0.5,-0.25,18,0
2245,-1,0.5,-0.5,-0.25,18,1
2246,0,0.5,-0.5,-0.25,18,2
2247,0,0.5,0.5,0.25,18,3
2248,0,0.5,-0.5,-0.25,18,4
2249,0,0.5,-0.5,-0.25,18,5
2250,0,0.5,-0.5,-0.25,18,6
2251,0,0.5,-0.5,-0.25,18,7
2252,0,0.5,-0.5,-0.25,18,8
2253,0,0.5,-0.5,-0.25,18,9
2254,0,0.5,-0.5,-0.25,18,10
2255,0,0.5,-0.5,-0.25,18,11
2256,-1,0.5,0.5,0.25,18,12
2257,0,0.5,-0.5,-0.25,18,13
2258,0,0.5,0.5,0.25,18,14
2259,0,0.5,-0.5,-0.25,18,15
2260,0,0.5,-0.5,-0.25,18,16
2261,0,0.5,-0.5,-0.25,18,17
2262,0,0.5,-0.5,-0.25,18,18
2263,0,0.5,-0.5,-0.25,18,19
2264,0,0.5,-0.5,-0.25,18,20
2265,0,0.5,-0.5,-0.25,18,21
2266,0,0.5,-0.5,-0.25,18,22
2267,0,0.5,-0.5,-0.25,18,23
2268,0,0.5,-0.5,-0.25,18,24
2269,0,0.5,-0.5,-0.25,18,25
2270,0,0.5,-0.5,-0.25,18,26
2271,0,0.5,-0.5,-0.25,18,27
2272,0,0.5,-0.5,-0.25,18,28
2273,0,0.5,-0.5,-0.25,18,29
2274,0,0.5,0.5,0.25,18,30
2275,0,0.5,0.5,0.25,18,31
2276,0,0.5,0.5,0.25,18,32
2277,0,0.5,-0.5,-0.25,19,0
2278,-1,0.5,-0.5,-0.25,19,1
2279,0,0.5,-0.5,-0.25,19,2
2280,0,0.5,0.5,0.25,19,3
2281,0,0.5,-0.5,-0.25,19,4
2282,0,0.5,-0.5,-0.25,19,5
2283,0,0.5,-0.5,-0.25,19,6
2284,0,0.5,-0.5,-0.25,19,7
2285,0,0.5,-0.5,-0.25,19,8
2286,0,0.5,-0.5,-0.25,19,9
2287,0,0.5,-0.5,-0.25,19,10
2288,0,0.5,-0.5,-0.25,19,11
2289,0,0.5,0.5,0.25,19,12
2290,0,0.5,-0.5,-0.25,19,13
2291,0,0.5,0.5,0.25,19,14
2292,0,0.5,-0.5,-0.25,19,15
2293,0,0.5,-0.5,-0.25,19,16
2294,0,0.5,-0.5,-0.25,19,17
2295,0,0.5,-0.5,-0.25,19,18
2296,0,0.5,-0.5,-0.25,19,19
2297,0,0.5,-0.5,-0.25,19,20
2298,0,0.5,-0.5,-0.25,19,21
2299,0,0.5,-0.5,-0.25,19,22
2300,0,0.5,-0.5,-0.25,19,23
2301,0,0.5,-0.5,-0.25,19,24
2302,-1,0.5,-0.5,-0.25,19,25
2303,0,0.5,-0.5,-0.25,19,26
2304,0,0.5,-0.5,-0.25,19,27
2305,0,0.5,-0.5,-0.25,19,28
2306,0,0.5,-0.5,-0.25,19,29
2307,0,0.5,0.5,0.25,19,30
2308,0,0.5,0.5,0.25,19,31
2309,0,0.5,0.5,0.25,19,32
2310,0,0.5,-0.5,-0.25,20,0
2311,-1,0.5,-0.5,-0.25,20,1
2312,0,0.5,-0.5,-0.25,20,2
2313,0,0.5,0.5,0.25,20,3
2314,0,0.5,-0.5,-0.25,20,4
2315,0,0.5,-0.5,-0.25,20,5
2316,0,0.5,-0.5,-0.25,20,6
2317,0,0.5,-0.5,-0.25,20,7
2318,0,0.5,-0.5,-0.25,20,8
2319,0,0.5,-0.5,-0.25,20,9
2320,0,0.5,-0.5,-0.25,20,10
2321,0,0.5,-0.5,-0.25,20,11
2322,-1,0.5,0.5,0.25,20,12
2323,0,0.5,-0.5,-0.25,20,13
2324,0,0.5,0.5,0.25,20,14
2325,0,0.5,-0.5,-0.25,20,15
2326,0,0.5,-0.5,-0.25,20,16
2327,0,0.5,-0.5,-0.25,20,17
2328,0,0.5,-0.5,-0.25,20,18
2329,0,0.5,-0.5,-0.25,20,19
2330,0,0.5,-0.5,-0.25,20,20
2331,0,0.5,-0.5,-0.25,20,21
2332,0,0.5,-0.5,-0.25,20,22
2333,0,0.5,-0.5,-0.25,20,23
2334,-2,0.5,-0.5,-0.25,20,24
2335,0,0.5,-0.5,-0.25,20,25
2336,0,0.5,-0.5,-0.25,20,26
2337,0,0.5,-0.5,-0.25,20,27
2338,0,0.5,-0.5,-0.25,20,28
2339,0,0.5,-0.5,-0.25,20,29
2340,0,0.5,0.5,0.25,20,30
2341,0,0.5,0.5,0.25,20,31
2342,0,0.5,0.5,0.25,20,32
2343,0,0.5,-0.5,-0.25,21,0
2344,-1,0.5,-0.5,-0.25,21,1
2345,0,0.5,-0.5,-0.25,21,2
2346,0,0.5,0.5,0.25,21,3
2347,0,0.5,-0.5,-0.25,21,4
2348,0,0.5,-0.5,-0.25,21,5
2349,0,0.5,-0.5,-0.25,21,6
2350,0,0.5,-0.5,-0.25,21,7
2351,0,0.5,-0.5,-0.25,21,8
2352,0,0.5,-0.5,-0.25,21,9
2353,0,0.5,-0.5,-0.25,21,10
2354,0,0.5,-0.5,-0.25,21,11
2355,0,0.5,0.5,0.25,21,12
2356,0,0.5,-0.5,-0.25,21,13
2357,0,0.5,0.5,0.25,21,14
2358,0,0.5,-0.5,-0.25,21,15
2359,0,0.5,-0.5,-0.25,21,16
2360,0,0.5,-0.5,-0.25,21,17
2361,0,0.5,-0.5,-0.25,21,18
2362,0,0.5,-0.5,-0.25,21,19
2363,0,0.5,-0.5,-0.25,21,20
2364,0,0.5,-0.5,-0.25,21,21
2365,0,0.5,-0.5,-0.25,21,22
2366,0,0.5,-0.5,-0.25,21,23
2367,0,0.5,-0.5,-0.25,21,24
2368,-1,0.5,-0.5,-0.25,21,25
2369,0,0.5,-0.5,-0.25,21,26
2370,0,0.5,-0.5,-0.25,21,27
2371,0,0.5,-0.5,-0.25,21,28
2372,0,0.5,-0.5,-0.25,21,29
2373,0,0.5,0.5,0.25,21,30
2374,0,0.5,0.5,0.25,21,31
2375,0,0.5,0.5,0.25,21,32
2376,0,0.5,-0.5,-0.25,22,0
2377,-1,0.5,-0.5,-0.25,22,1
2378,0,0.5,-0.5,-0.25,22,2
2379,0,0.5,0.5,0.25,22,3
2380,0,0.5,-0.5,-0.25,22,4
2381,0,0.5,-0.5,-0.25,22,5
2382,0,0.5,-0.5,-0.25,22,6
2383,0,0.5,-0.5,-0.25,22,7
2384,0,0.5,-0.5,-0.25,22,8
2385,0,0.5,-0.5,-0.25,22,9
2386,0,0.5,-0.5,-0.25,22,10
2387,0,0.5,-0.5,-0.25,22,11
2388,-1,0.5,0.5,0.25,22,12
2389,0,0.5,-0.5,-0.25,22,13
2390,0,0.5,0.5,0.25,22,14
2391,0,0.5,-0.5,-0.25,22,15
2392,0,0.5,-0.5,-0.25,22,16
2393,0,0.5,-0.5,-0.25,22,17
2394,0,0.5,-0.5,-0.25,22,18
2395,0,0.5,-0.5,-0.25,22,19
2396,0,0.5,-0.5,-0.25,22,20
2397,0,0.5,-0.5,-0.25,22,21
2398,0,0.5,-0.5,-0.25,22,22
2399,0,0.5,-0.5,-0.25,22,23
2400,0,0.5,-0.5,-0.25,22,24
2401,0,0.5,-0.5,-0.25,22,25
2402,0,0.5,-0.5,-0.25,22,26
2403,0,0.5,-0.5,-0.25,22,27
2404,0,0.5,-0.5,-0.25,22,28
2405,0,0.5,-0.5,-0.25,22,29
2406,-2,0.5,0.5,0.25,22,30
2407,0,0.5,0.5,0.25,22,31
2408,0,0.5,0.5,0.25,22,32
2409,0,0.5,-0.5,-0.25,23,0
2410,-1,0.5,-0.5,-0.25,23,1
2411,0,0.5,-0.5,-0.25,23,2
2412,0,0.5,0.5,0.25,23,3
2413,0,0.5,-0.5,-0.25,23,4
2414,0,0.5,-0.5,-0.25,23,5
2415,0,0.5,-0.5,-0.25,23,6
2416,0,0.5,-0.5,-0.25,23,7
2417,-2,0.5,-0.5,-0.25,23,8
2418,0,0.5,-0.5,-0.25,23,9
2419,0,0.5,-0.5,-0.25,23,10
2420,0,0.5,-0.5,-0.25,23,11
2421,-1,0.5,0.5,0.25,23,12
2422,0,0.5,-0.5,-0.25,23,13
2423,0,0.5,0.5,0.25,23,14
2424,0,0.5,-0.5,-0.25,23,15
2425,0,0.5,-0.5,-0.25,23,16
2426,0,0.5,-0.5,-0.25,23,17
2427,0,0.5,-0.5,-0.25,23,18
2428,0,0.5,-0.5,-0.25,23,19
2429,0,0.5,-0.5,-0.25,23,20
2430,0,0.5,-0.5,-0.25,23,21
2431,0,0.5,-0.5,-0.25,23,22
2432,0,0.5,-0.5,-0.25,23,23
2433,0,0.5,-0.5,-0.25,23,24
2434,-1,0.5,-0.5,-0.25,23,25
2435,0,0.5,-0.5,-0.25,23,26
2436,0,0.5,-0.5,-0.25,23,27
2437,0,0.5,-0.5,-0.25,23,28
2438,0,0.5,-0.5,-0.25,23,29
2439,0,0.5,0.5,0.25,23,30
2440,0,0.5,0.5,0.25,23,31
2441,0,0.5,0.5,0.25,23,32
2442,0,0.5,-0.5,-0.25,24,0
2443,-1,0.5,-0.5,-0.25,24,1
2444,0,0.5,-0.5,-0.25,24,2
2445,0,0.5,0.5,0.25,24,3
2446,0,0.5,-0.5,-0.25,24,4
2447,0,0.5,-0.5,-0.25,24,5
2448,0,0.5,-0.5,-0.25,24,6
2449,0,0.5,-0.5,-0.25,24,7
2450,0,0.5,-0.5,-0.25,24,8
2451,0,0.5,-0.5,-0.25,24,9
2452,0,0.5,-0.5,-0.25,24,10
2453,0,0.5,-0.5,-0.25,24,11
2454,0,0.5,0.5,0.25,24,12
2455,0,0.5,-0.5,-0.25,24,13
2456,0,0.5,0.5,0.25,24,14
2457,0,0.5,-0.5,-0.25,24,15
2458,0,0.5,-0.5,-0.25,24,16
2459,0,0.5,-0.5,-0.25,24,17
2460,0,0.5,-0.5,-0.25,24,18
2461,0,0.5,-0.5,-0.25,24,19
2462,0,0.5,-0.5,-0.25,24,20
2463,0,0.5,-0.5,-0.25,24,21
2464,0,0.5,-0.5,-0.25,24,22
2465,0,0.5,-0.5,-0.25,24,23
2466,0,0.5,-0.5,-0.25,24,24
2467,0,0.5,-0.5,-0.25,24,25
2468,0,0.5,-0.5,-0.25,24,26
2469,0,0.5,-0.5,-0.25,24,27
2470,0,0.5,-0.5,-0.25,24,28
2471,0,0.5,-0.5,-0.25,24,29
2472,0,0.5,0.5,0.25,24,30
2473,0,0.5,0.5,0.25,24,31
2474,0,0.5,0.5,0.25,24,32
2475,0,0.5,-0.5,-0.25,25,0
2476,-1,0.5,-0.5,-0.25,25,1
2477,0,0.5,-0.5,-0.25,25,2
2478,0,0.5,0.5,0.25,25,3
2479,0,0.5,-0.5,-0.25,25,4
2480,0,0.5,-0.5,-0.25,25,5
2481,0,0.5,-0.5,-0.25,25,6
2482,0,0.5,-0.5,-0.25,25,7
2483,0,0.5,-0.5,-0.25,25,8
2484,0,0.5,-0.5,-0.25,25,9
2485,0,0.5,-0.5,-0.25,25,10
2486,0,0.5,-0.5,-0.25,25,11
2487,0,0.5,0.5,0.25,25,12
2488,0,0.5,-0.5,-0.25,25,13
2489,0,0.5,0.5,0.25,25,14
2490,0,0.5,-0.5,-0.25,25,15
2491,0,0.5,-0.5,-0.25,25,16
2492,0,0.5,-0.5,-0.25,25,17
2493,0,0.5,-0.5,-0.25,25,18
2494,0,0.5,-0.5,-0.25,25,19
2495,0,0.5,-0.5,-0.25,25,20
2496,0,0.5,-0.5,-0.25,25,21
2497,0,0.5,-0.5,-0.25,25,22
2498,0,0.5,-0.5,-0.25,25,23
2499,0,0.5,-0.5,-0.25,25,24
2500,0,0.5,-0.5,-0.25,25,25
2501,0,0.5,-0.5,-0.25,25,26
2502,0,0.5,-0.5,-0.25,25,27
2503,0,0.5,-0.5,-0.25,25,28
2504,0,0.5,-0.5,-0.25,25,29
2505,0,0.5,0.5,0.25,25,30
2506,0,0.5,0.5,0.25,25,31
2507,0,0.5,0.5,0.25,25,32
2508,0,0.5,-0.5,-0.25,26,0
2509,-1,0.5,-0.5,-0.25,26,1
2510,0,0.5,-0.5,-0.25,26,2
2511,0,0.5,0.5,0.25,26,3
2512,0,0.5,-0.5,-0.25,26,4
2513,0,0.5,-0.5,-0.25,26,5
2514,0,0.5,-0.5,-0.25,26,6
2515,0,0.5,-0.5,-0.25,26,7
2516,0,0.5,-0.5,-0.25,26,8
2517,0,0.5,-0.5,-0.25,26,9
2518,0,0.5,-0.5,-0.25,26,10
2519,0,0.5,-0.5,-0.25,26,11
2520,-1,0.5,0.5,0.25,26,12
2521,0,0.5,-0.5,-0.25,26,13
2522,0,0.5,0.5,0.25,26,14
2523,0,0.5,-0.5,-0.25,26,15
2524,0,0.5,-0.5,-0.25,26,16
2525,0,0.5,-0.5,-0.25,26,17
2526,0,0.5,-0.5,-0.25,26,18
2527,0,0.5,-0.5,-0.25,26,19
2528,0,0.5,-0.5,-0.25,26,20
2529,0,0.5,-0.5,-0.25,26,21
2530,0,0.5,-0.5,-0.25,26,22
2531,0,0.5,-0.5,-0.25,26,23
2532,0,0.5,-0.5,-0.25,26,24
2533,0,0.5,-0.5,-0.25,26,25
2534,0,0.5,-0.5,-0.25,26,26
2535,0,0.5,-0.5,-0.25,26,27
2536,0,0.5,-0.5,-0.25,26,28
2537,0,0.5,-0.5,-0.25,26,29
2538,0,0.5,0.5,0.25,26,30
2539,0,0.5,0.5,0.25,26,31
2540,0,0.5,0.5,0.25,26,32
2541,0,0.5,-0.5,-0.25,27,0
2542,-1,0.5,-0.5,-0.25,27,1
2543,0,0.5,-0.5,-0.25,27,2
2544,0,0.5,0.5,0.25,27,3
2545,0,0.5,-0.5,-0.25,27,4
2546,0,0.5,-0.5,-0.25,27,5
2547,0,0.5,-0.5,-0.25,27,6
2548,0,0.5,-0.5,-0.25,27,7
2549,0,0.5,-0.5,-0.25,27,8
2550,0,0.5,-0.5,-0.25,27,9
2551,0,0.5,-0.5,-0.25,27,10
2552,0,0.5,-0.5,-0.25,27,11
2553,-1,0.5,0.5,0.25,27,12
2554,0,0.5,-0.5,-0.25,27,13
2555,0,0.5,0.5,0.25,27,14
2556,0,0.5,-0.5,-0.25,27,15
2557,0,0.5,-0.5,-0.25,27,16
2558,0,0.5,-0.5,-0.25,27,17
2559,0,0.5,-0.5,-0.25,27,18
2560,0,0.5,-0.5,-0.25,27,19
2561,0,0.5,-0.5,-0.25,27,20
2562,0,0.5,-0.5,-0.25,27,21
2563,0,0.5,-0.5,-0.25,27,22
2564,0,0.5,-0.5,-0.25,27,23
2565,0,0.5,-0.5,-0.25,27,24
2566,-1,0.5,-0.5,-0.25,27,25
2567,0,0.5,-0.5,-0.25,27,26
2568,0,0.5,-0.5,-0.25,27,27
2569,0,0.5,-0.5,-0.25,27,28
2570,0,0.5,-0.5,-0.25,27,29
2571,0,0.5,0.5,0.25,27,30
2572,0,0.5,0.5,0.25,27,31
2573,0,0.5,0.5,0.25,27,32
2574,0,0.5,-0.5,-0.25,28,0
2575,-1,0.5,-0.5,-0.25,28,1
2576,0,0.5,-0.5,-0.25,28,2
2577,0,0.5,0.5,0.25,28,3
2578,0,0.5,-0.5,-0.25,28,4
2579,0,0.5,-0.5,-0.25,28,5
2580,0,0.5,-0.5,-0.25,28,6
2581,0,0.5,-0.5,-0.25,28,7
2582,0,0.5,-0.5,-0.25,28,8
2583,0,0.5,-0.5,-0.25,28,9
2584,0,0.5,-0.5,-0.25,28,10
2585,0,0.5,-0.5,-0.25,28,11
2586,-1,0.5,0.5,0.25,28,12
2587,0,0.5,-0.5,-0.25,28,13
2588,0,0.5,0.5,0.25,28,14
2589,0,0.5,-0.5,-0.25,28,15
2590,0,0.5,-0.5,-0.25,28,16
2591,0,0.5,-0.5,-0.25,28,17
2592,0,0.5,-0.5,-0.25,28,18
2593,0,0.5,-0.5,-0.25,28,19
2594,0,0.5,-0.5,-0.25,28,20
2595,0,0.5,-0.5,-0.25,28,21
2596,0,0.5,-0.5,-0.25,28,22
2597,0,0.5,-0.5,-0.25,28,23
2598,0,0.5,-0.5,-0.25,28,24
2599,-1,0.5,-0.5,-0.25,28,25
2600,0,0.5,-0.5,-0.25,28,26
2601,0,0.5,-0.5,-0.25,28,27
2602,0,0.5,-0.5,-0.25,28,28
2603,0,0.5,-0.5,-0.25,28,29
2604,0,0.5,0.5,0.25,28,30
2605,0,0.5,0.5,0.25,28,31
2606,0,0.5,0.5,0.25,28,32
2607,0,0.5,-0.5,-0.25,29,0
2608,-1,0.5,-0.5,-0.25,29,1
2609,0,0.5,-0.5,-0.25,29,2
2610,0,0.5,0.5,0.25,29,3
2611,0,0.5,-0.5,-0.25,29,4
2612,0,0.5,-0.5,-0.25,29,5
2613,0,0.5,-0.5,-0.25,29,6
2614,0,0.5,-0.5,-0.25,29,7
2615,0,0.5,-0.5,-0.25,29,8
2616,0,0.5,-0.5,-0.25,29,9
2617,0,0.5,-0.5,-0.25,29,10
2618,0,0.5,-0.5,-0.25,29,11
2619,0,0.5,0.5,0.25,29,12
2620,0,0.5,-0.5,-0.25,29,13
2621,0,0.5,0.5,0.25,29,14
2622,0,0.5,-0.5,-0.25,29,15
2623,0,0.5,-0.5,-0.25,29,16
2624,0,0.5,-0.5,-0.25,29,17
2625,0,0.5,-0.5,-0.25,29,18
2626,0,0.5,-0.5,-0.25,29,19
2627,0,0.5,-0.5,-0.25,29,20
2628,0,0.5,-0.5,-0.25,29,21
2629,0,0.5,-0.5,-0.25,29,22
2630,0,0.5,-0.5,-0.25,29,23
2631,0,0.5,-0.5,-0.25,29,24
2632,0,0.5,-0.5,-0.25,29,25
2633,0,0.5,-0.5,-0.25,29,26
2634,0,0.5,-0.5,-0.25,29,27
2635,0,0.5,-0.5,-0.25,29,28
2636,0,0.5,-0.5,-0.25,29,29
2637,0,0.5,0.5,0.25,29,30
2638,0,0.5,0.5,0.25,29,31
2639,0,0.5,0.5,0.25,29,32
2640,0,0.5,-0.5,-0.25,30,0
2641,0,0.5,-0.5,-0.25,30,1
2642,0,0.5,-0.5,-0.25,30,2
2643,0,0.5,0.5,0.25,30,3
2644,0,0.5,-0.5,-0.25,30,4
2645,0,0.5,-0.5,-0.25,30,5
2646,0,0.5,-0.5,-0.25,30,6
2647,0,0.5,-0.5,-0.25,30,7
2648,0,0.5,-0.5,-0.25,30,8
2649,0,0.5,-0.5,-0.25,30,9
2650,0,0.5,-0.5,-0.25,30,10
2651,0,0.5,-0.5,-0.25,30,11
2652,-1,0.5,0.5,0.25,30,12
2653,0,0.5,-0.5,-0.25,30,13
2654,0,0.5,0.5,0.25,30,14
2655,0,0.5,-0.5,-0.25,30,15
2656,0,0.5,-0.5,-0.25,30,16
2657,0,0.5,-0.5,-0.25,30,17
2658,0,0.5,-0.5,-0.25,30,18
2659,0,0.5,-0.5,-0.25,30,19
2660,0,0.5,-0.5,-0.25,30,20
2661,0,0.5,-0.5,-0.25,30,21
2662,0,0.5,-0.5,-0.25,30,22
2663,0,0.5,-0.5,-0.25,30,23
2664,-2,0.5,-0.5,-0.25,30,24
2665,-1,0.5,-0.5,-0.25,30,25
2666,0,0.5,-0.5,-0.25,30,26
2667,0,0.5,-0.5,-0.25,30,27
2668,0,0.5,-0.5,-0.25,30,28
2669,0,0.5,-0.5,-0.25,30,29
2670,0,0.5,0.5,0.25,30,30
2671,0,0.5,0.5,0.25,30,31
2672,0,0.5,0.5,0.25,30,32
2673,0,0.5,-0.5,-0.25,31,0
2674,-1,0.5,-0.5,-0.25,31,1
2675,0,0.5,-0.5,-0.25,31,2
2676,-3,0.5,0.5,0.25,31,3
2677,0,0.5,-0.5,-0.25,31,4
2678,0,0.5,-0.5,-0.25,31,5
2679,0,0.5,-0.5,-0.25,31,6
2680,0,0.5,-0.5,-0.25,31,7
2681,0,0.5,-0.5,-0.25,31,8
2682,0,0.5,-0.5,-0.25,31,9
2683,0,0.5,-0.5,-0.25,31,10
2684,0,0.5,-0.5,-0.25,31,11
2685,0,0.5,0.5,0.25,31,12
2686,0,0.5,-0.5,-0.25,31,13
2687,0,0.5,0.5,0.25,31,14
2688,0,0.5,-0.5,-0.25,31,15
2689,0,0.5,-0.5,-0.25,31,16
2690,0,0.5,-0.5,-0.25,31,17
2691,0,0.5,-0.5,-0.25,31,18
2692,0,0.5,-0.5,-0.25,31,19
2693,0,0.5,-0.5,-0.25,31,20
2694,0,0.5,-0.5,-0.25,31,21
2695,0,0.5,-0.5,-0.25,31,22
2696,0,0.5,-0.5,-0.25,31,23
2697,0,0.5,-0.5,-0.25,31,24
2698,-1,0.5,-0.5,-0.25,31,25
2699,0,0.5,-0.5,-0.25,31,26
2700,0,0.5,-0.5,-0.25,31,27
2701,0,0.5,-0.5,-0.25,31,28
2702,0,0.5,-0.5,-0.25,31,29
2703,0,0.5,0.5,0.25,31,30
2704,0,0.5,0.5,0.25,31,31
2705,0,0.5,0.5,0.25,31,32
2706,0,0.5,-0.5,-0.25,32,0
2707,-1,0.5,-0.5,-0.25,32,1
2708,0,0.5,-0.5,-0.25,32,2
2709,0,0.5,0.5,0.25,32,3
2710,0,0.5,-0.5,-0.25,32,4
2711,0,0.5,-0.5,-0.25,32,5
2712,0,0.5,-0.5,-0.25,32,6
2713,0,0.5,-0.5,-0.25,32,7
2714,0,0.5,-0.5,-0.25,32,8
2715,0,0.5,-0.5,-0.25,32,9
2716,0,0.5,-0.5,-0.25,32,10
2717,0,0.5,-0.5,-0.25,32,11
2718,0,0.5,0.5,0.25,32,12
2719,0,0.5,-0.5,-0.25,32,13
2720,0,0.5,0.5,0.25,32,14
2721,0,0.5,-0.5,-0.25,32,15
2722,0,0.5,-0.5,-0.25,32,16
2723,0,0.5,-0.5,-0.25,32,17
2724,0,0.5,-0.5,-0.25,32,18
2725,0,0.5,-0.5,-0.25,32,19
2726,0,0.5,-0.5,-0.25,32,20
2727,0,0.5,-0.5,-0.25,32,21
2728,0,0.5,-0.5,-0.25,32,22
2729,0,0.5,-0.5,-0.25,32,23
2730,0,0.5,-0.5,-0.25,32,24
2731,-1,0.5,-0.5,-0.25,32,25
2732,0,0.5,-0.5,-0.25,32,26
2733,0,0.5,-0.5,-0.25,32,27
2734,0,0.5,-0.5,-0.25,32,28
2735,0,0.5,-0.5,-0.25,32,29
2736,0,0.5,0.5,0.25,32,30
2737,0,0.5,0.5,0.25,32,31
2738,0,0.5,0.5,0.25,32,32
2739,0,0.5,-0.5,-0.25,33,0
2740,-1,0.5,-0.5,-0.25,33,1
2741,0,0.5,-0.5,-0.25,33,2
2742,0,0.5,0.5,0.25,33,3
2743,0,0.5,-0.5,-0.25,33,4
2744,0,0.5,-0.5,-0.25,33,5
2745,0,0.5,-0.5,-0.25,33,6
2746,0,0.5,-0.5,-0.25,33,7
2747,0,0.5,-0.5,-0.25,33,8
2748,0,0.5,-0.5,-0.25,33,9
2749,0,0.5,-0.5,-0.25,33,10
2750,0,0.5,-0.5,-0.25,33,11
2751,-1,0.5,0.5,0.25,33,12
2752,0,0.5,-0.5,-0.25,33,13
2753,0,0.5,0.5,0.25,33,14
2754,0,0.5,-0.5,-0.25,33,15
2755,0,0.5,-0.5,-0.25,33,16
2756,0,0.5,-0.5,-0.25,33,17
2757,0,0.5,-0.5,-0.25,33,18
2758,0,0.5,-0.5,-0.25,33,19
2759,0,0.5,-0.5,-0.25,33,20
2760,0,0.5,-0.5,-0.25,33,21
2761,0,0.5,-0.5,-0.25,33,22
2762,0,0.5,-0.5,-0.25,33,23
2763,0,0.5,-0.5,-0.25,33,24
2764,-1,0.5,-0.5,-0.25,33,25
2765,0,0.5,-0.5,-0.25,33,26
2766,0,0.5,-0.5,-0.25,33,27
2767,0,0.5,-0.5,-0.25,33,28
2768,0,0.5,-0.5,-0.25,33,29
2769,-2,0.5,0.5,0.25,33,30
2770,0,0.5,0.5,0.25,33,31
2771,0,0.5,0.5,0.25,33,32
2772,0,0.5,-0.5,-0.25,34,0
2773,-1,0.5,-0.5,-0.25,34,1
2774,0,0.5,-0.5,-0.25,34,2
2775,0,0.5,0.5,0.25,34,3
2776,0,0.5,-0.5,-0.25,34,4
2777,0,0.5,-0.5,-0.25,34,5
2778,0,0.5,-0.5,-0.25,34,6
2779,0,0.5,-0.5,-0.25,34,7
2780,0,0.5,-0.5,-0.25,34,8
2781,0,0.5,-0.5,-0.25,34,9
2782,0,0.5,-0.5,-0.25,34,10
2783,0,0.5,-0.5,-0.25,34,11
2784,-1,0.5,0.5,0.25,34,12
2785,0,0.5,-0.5,-0.25,34,13
2786,0,0.5,0.5,0.25,34,14
2787,0,0.5,-0.5,-0.25,34,15
2788,0,0.5,-0.5,-0.25,34,16
2789,0,0.5,-0.5,-0.25,34,17
2790,0,0.5,-0.5,-0.25,34,18
2791,0,0.5,-0.5,-0.25,34,19
2792,0,0.5,-0.5,-0.25,34,20
2793,0,0.5,-0.5,-0.25,34,21
2794,0,0.5,-0.5,-0.25,34,22
2795,0,0.5,-0.5,-0.25,34,23
2796,0,0.5,-0.5,-0.25,34,24
2797,0,0.5,-0.5,-0.25,34,25
2798,0,0.5,-0.5,-0.25,34,26
2799,0,0.5,-0.5,-0.25,34,27
2800,0,0.5,-0.5,-0.25,34,28
2801,0,0.5,-0.5,-0.25,34,29
2802,0,0.5,0.5,0.25,34,30
2803,0,0.5,0.5,0.25,34,31
2804,0,0.5,0.5,0.25,34,32
2805,0,0.5,-0.5,-0.25,35,0
2806,0,0.5,-0.5,-0.25,35,1
2807,0,0.5,-0.5,-0.25,35,2
2808,0,0.5,0.5,0.25,35,3
2809,0,0.5,-0.5,-0.25,35,4
2810,0,0.5,-0.5,-0.25,35,5
2811,0,0.5,-0.5,-0.25,35,6
2812,0,0.5,-0.5,-0.25,35,7
2813,0,0.5,-0.5,-0.25,35,8
2814,0,0.5,-0.5,-0.25,35,9
2815,0,0.5,-0.5,-0.25,35,10
2816,0,0.5,-0.5,-0.25,35,11
2817,-1,0.5,0.5,0.25,35,12
2818,0,0.5,-0.5,-0.25,35,13
2819,0,0.5,0.5,0.25,35,14
2820,0,0.5,-0.5,-0.25,35,15
2821,0,0.5,-0.5,-0.25,35,16
2822,0,0.5,-0.5,-0.25,35,17
2823,0,0.5,-0.5,-0.25,35,18
2824,0,0.5,-0.5,-0.25,35,19
2825,0,0.5,-0.5,-0.25,35,20
2826,0,0.5,-0.5,-0.25,35,21
2827,0,0.5,-0.5,-0.25,35,22
2828,0,0.5,-0.5,-0.25,35,23
2829,0,0.5,-0.5,-0.25,35,24
2830,-1,0.5,-0.5,-0.25,35,25
2831,0,0.5,-0.5,-0.25,35,26
2832,0,0.5,-0.5,-0.25,35,27
2833,0,0.5,-0.5,-0.25,35,28
2834,0,0.5,-0.5,-0.25,35,29
2835,0,0.5,0.5,0.25,35,30
2836,0,0.5,0.5,0.25,35,31
2837,0,0.5,0.5,0.25,35,32
2838,0,0.5,-0.5,-0.25,36,0
2839,-1,0.5,-0.5,-0.25,36,1
2840,0,0.5,-0.5,-0.25,36,2
2841,0,0.5,0.5,0.25,36,3
2842,0,0.5,-0.5,-0.25,36,4
2843,0,0.5,-0.5,-0.25,36,5
2844,0,0.5,-0.5,-0.25,36,6
2845,0,0.5,-0.5,-0.25,36,7
2846,0,0.5,-0.5,-0.25,36,8
2847,0,0.5,-0.5,-0.25,36,9
2848,0,0.5,-0.5,-0.25,36,10
2849,0,0.5,-0.5,-0.25,36,11
2850,-1,0.5,0.5,0.25,36,12
2851,0,0.5,-0.5,-0.25,36,13
2852,0,0.5,0.5,0.25,36,14
2853,0,0.5,-0.5,-0.25,36,15
2854,0,0.5,-0.5,-0.25,36,16
2855,0,0.5,-0.5,-0.25,36,17
2856,0,0.5,-0.5,-0.25,36,18
2857,0,0.5,-0.5,-0.25,36,19
2858,0,0.5,-0.5,-0.25,36,20
2859,0,0.5,-0.5,-0.25,36,21
2860,0,0.5,-0.5,-0.25,36,22
2861,0,0.5,-0.5,-0.25,36,23
2862,0,0.5,-0.5,-0.25,36,24
2863,0,0.5,-0.5,-0.25,36,25
2864,0,0.5,-0.5,-0.25,36,26
2865,0,0.5,-0.5,-0.25,36,27
2866,0,0.5,-0.5,-0.25,36,28
2867,0,0.5,-0.5,-0.25,36,29
2868,0,0.5,0.5,0.25,36,30
2869,0,0.5,0.5,0.25,36,31
2870,0,0.5,0.5,0.25,36,32
2871,0,0.5,-0.5,-0.25,37,0
2872,-1,0.5,-0.5,-0.25,37,1
2873,0,0.5,-0.5,-0.25,37,2
2874,0,0.5,0.5,0.25,37,3
2875,0,0.5,-0.5,-0.25,37,4
2876,0,0.5,-0.5,-0.25,37,5
2877,0,0.5,-0.5,-0.25,37,6
2878,0,0.5,-0.5,-0.25,37,7
2879,0,0.5,-0.5,-0.25,37,8
2880,0,0.5,-0.5,-0.25,37,9
2881,0,0.5,-0.5,-0.25,37,10
2882,0,0.5,-0.5,-0.25,37,11
2883,-1,0.5,0.5,0.25,37,12
2884,0,0.5,-0.5,-0.25,37,13
2885,0,0.5,0.5,0.25,37,14
2886,0,0.5,-0.5,-0.25,37,15
2887,0,0.5,-0.5,-0.25,37,16
2888,0,0.5,-0.5,-0.25,37,17
2889,0,0.5,-0.5,-0.25,37,18
2890,0,0.5,-0.5,-0.25,37,19
2891,0,0.5,-0.5,-0.25,37,20
2892,0,0.5,-0.5,-0.25,37,21
2893,0,0.5,-0.5,-0.25,37,22
2894,0,0.5,-0.5,-0.25,37,23
2895,0,0.5,-0.5,-0.25,37,24
2896,-1,0.5,-0.5,-0.25,37,25
2897,0,0.5,-0.5,-0.25,37,26
2898,0,0.5,-0.5,-0.25,37,27
2899,0,0.5,-0.5,-0.25,37,28
2900,0,0.5,-0.5,-0.25,37,29
2901,0,0.5,0.5,0.25,37,30
2902,0,0.5,0.5,0.25,37,31
2903,0,0.5,0.5,0.25,37,32
2904,0,0.5,-0.5,-0.25,38,0
2905,-1,0.5,-0.5,-0.25,38,1
2906,0,0.5,-0.5,-0.25,38,2
2907,0,0.5,0.5,0.25,38,3
2908,0,0.5,-0.5,-0.25,38,4
2909,0,0.5,-0.5,-0.25,38,5
2910,0,0.5,-0.5,-0.25,38,6
2911,0,0.5,-0.5,-0.25,38,7
2912,0,0.5,-0.5,-0.25,38,8
2913,0,0.5,-0.5,-0.25,38,9
2914,0,0.5,-0.5,-0.25,38,10
2915,0,0.5,-0.5,-0.25,38,11
2916,-1,0.5,0.5,0.25,38,12
2917,0,0.5,-0.5,-0.25,38,13
2918,0,0.5,0.5,0.25,38,14
2919,0,0.5,-0.5,-0.25,38,15
2920,0,0.5,-0.5,-0.25,38,16
2921,0,0.5,-0.5,-0.25,38,17
2922,0,0.5,-0.5,-0.25,38,18
2923,0,0.5,-0.5,-0.25,38,19
2924,0,0.5,-0.5,-0.25,38,20
2925,0,0.5,-0.5,-0.25,38,21
2926,0,0.5,-0.5,-0.25,38,22
2927,0,0.5,-0.5,-0.25,38,23
2928,0,0.5,-0.5,-0.25,38,24
2929,0,0.5,-0.5,-0.25,38,25
2930,0,0.5,-0.5,-0.25,38,26
2931,0,0.5,-0.5,-0.25,38,27
2932,0,0.5,-0.5,-0.25,38,28
2933,0,0.5,-0.5,-0.25,38,29
2934,0,0.5,0.5,0.25,38,30
2935,0,0.5,0.5,0.25,38,31
2936,0,0.5,0.5,0.25,38,32
2937,0,0.5,-0.5,-0.25,39,0
2938,-1,0.5,-0.5,-0.25,39,1
2939,0,0.5,-0.5,-0.25,39,2
2940,0,0.5,0.5,0.25,39,3
2941,0,0.5,-0.5,-0.25,39,4
2942,0,0.5,-0.5,-0.25,39,5
2943,0,0.5,-0.5,-0.25,39,6
2944,0,0.5,-0.5,-0.25,39,7
2945,0,0.5,-0.5,-0.25,39,8
2946,0,0.5,-0.5,-0.25,39,9
2947,0,0.5,-0.5,-0.25,39,10
2948,0,0.5,-0.5,-0.25,39,11
2949,-1,0.5,0.5,0.25,39,12
2950,0,0.5,-0.5,-0.25,39,13
2951,0,0.5,0.5,0.25,39,14
2952,0,0.5,-0.5,-0.25,39,15
2953,0,0.5,-0.5,-0.25,39,16
2954,0,0.5,-0.5,-0.25,39,17
2955,0,0.5,-0.5,-0.25,39,18
2956,0,0.5,-0.5,-0.25,39,19
2957,0,0.5,-0.5,-0.25,39,20
2958,0,0.5,-0.5,-0.25,39,21
2959,0,0.5,-0.5,-0.25,39,22
2960,0,0.5,-0.5,-0.25,39,23
2961,0,0.5,-0.5,-0.25,39,24
2962,0,0.5,-0.5,-0.25,39,25
2963,0,0.5,-0.5,-0.25,39,26
2964,0,0.5,-0.5,-0.25,39,27
2965,0,0.5,-0.5,-0.25,39,28
2966,0,0.5,-0.5,-0.25,39,29
2967,-2,0.5,0.5,0.25,39,30
2968,0,0.5,0.5,0.25,39,31
2969,0,0.5,0.5,0.25,39,32
2970,0,0.5,-0.5,-0.25,40,0
2971,0,0.5,-0.5,-0.25,40,1
2972,0,0.5,-0.5,-0.25,40,2
2973,0,0.5,0.5,0.25,40,3
2974,0,0.5,-0.5,-0.25,40,4
2975,0,0.5,-0.5,-0.25,40,5
2976,0,0.5,-0.5,-0.25,40,6
2977,0,0.5,-0.5,-0.25,40,7
2978,0,0.5,-0.5,-0.25,40,8
2979,0,0.5,-0.5,-0.25,40,9
2980,0,0.5,-0.5,-0.25,40,10
2981,0,0.5,-0.5,-0.25,40,11
2982,-1,0.5,0.5,0.25,40,12
2983,0,0.5,-0.5,-0.25,40,13
2984,0,0.5,0.5,0.25,40,14
2985,0,0.5,-0.5,-0.25,40,15
2986,0,0.5,-0.5,-0.25,40,16
2987,0,0.5,-0.5,-0.25,40,17
2988,0,0.5,-0.5,-0.25,40,18
2989,0,0.5,-0.5,-0.25,40,19
2990,0,0.5,-0.5,-0.25,40,20
2991,0,0.5,-0.5,-0.25,40,21
2992,0,0.5,-0.5,-0.25,40,22
2993,0,0.5,-0.5,-0.25,40,23
2994,0,0.5,-0.5,-0.25,40,24
2995,0,0.5,-0.5,-0.25,40,25
2996,0,0.5,-0.5,-0.25,40,26
2997,0,0.5,-0.5,-0.25,40,27
2998,0,0.5,-0.5,-0.25,40,28
2999,0,0.5,-0.5,-0.25,40,29
3000,0,0.5,0.5,0.25,40,30
3001,0,0.5,0.5,0.25,40,31
3002,0,0.5,0.5,0.25,40,32
3003,0,0.5,-0.5,-0.25,41,0
3004,-1,0.5,-0.5,-0.25,41,1
3005,0,0.5,-0.5,-0.25,41,2
3006,0,0.5,0.5,0.25,41,3
3007,0,0.5,-0.5,-0.25,41,4
3008,0,0.5,-0.5,-0.25,41,5
3009,0,0.5,-0.5,-0.25,41,6
3010,0,0.5,-0.5,-0.25,41,7
3011,0,0.5,-0.5,-0.25,41,8
3012,0,0.5,-0.5,-0.25,41,9
3013,0,0.5,-0.5,-0.25,41,10
3014,0,0.5,-0.5,-0.25,41,11
3015,0,0.5,0.5,0.25,41,12
3016,0,0.5,-0.5,-0.25,41,13
3017,0,0.5,0.5,0.25,41,14
3018,0,0.5,-0.5,-0.25,41,15
3019,0,0.5,-0.5,-0.25,41,16
3020,0,0.5,-0.5,-0.25,41,17
3021,0,0.5,-0.5,-0.25,41,18
3022,0,0.5,-0.5,-0.25,41,19
3023,0,0.5,-0.5,-0.25,41,20
3024,0,0.5,-0.5,-0.25,41,21
3025,0,0.5,-0.5,-0.25,41,22
3026,0,0.5,-0.5,-0.25,41,23
3027,0,0.5,-0.5,-0.25,41,24
3028,0,0.5,-0.5,-0.25,41,25
3029,0,0.5,-0.5,-0.25,41,26
3030,0,0.5,-0.5,-0.25,41,27
3031,0,0.5,-0.5,-0.25,41,28
3032,0,0.5,-0.5,-0.25,41,29
3033,-2,0.5,0.5,0.25,41,30
3034,0,0.5,0.5,0.25,41,31
3035,0,0.5,0.5,0.25,41,32
3036,0,0.5,-0.5,-0.25,42,0
3037,-1,0.5,-0.5,-0.25,42,1
3038,0,0.5,-0.5,-0.25,42,2
3039,0,0.5,0.5,0.25,42,3
3040,0,0.5,-0.5,-0.25,42,4
3041,0,0.5,-0.5,-0.25,42,5
3042,0,0.5,-0.5,-0.25,42,6
3043,0,0.5,-0.5,-0.25,42,7
3044,0,0.5,-0.5,-0.25,42,8
3045,0,0.5,-0.5,-0.25,42,9
3046,0,0.5,-0.5,-0.25,42,10
3047,0,0.5,-0.5,-0.25,42,11
3048,0,0.5,0.5,0.25,42,12
3049,0,0.5,-0.5,-0.25,42,13
3050,0,0.5,0.5,0.25,42,14
3051,0,0.5,-0.5,-0.25,42,15
3052,0,0.5,-0.5,-0.25,42,16
3053,0,0.5,-0.5,-0.25,42,17
3054,0,0.5,-0.5,-0.25,42,18
3055,0,0.5,-0.5,-0.25,42,19
3056,0,0.5,-0.5,-0.25,42,20
3057,0,0.5,-0.5,-0.25,42,21
3058,0,0.5,-0.5,-0.25,42,22
3059,0,0.5,-0.5,-0.25,42,23
3060,-2,0.5,-0.5,-0.25,42,24
3061,-1,0.5,-0.5,-0.25,42,25
3062,0,0.5,-0.5,-0.25,42,26
3063,0,0.5,-0.5,-0.25,42,27
3064,0,0.5,-0.5,-0.25,42,28
3065,0,0.5,-0.5,-0.25,42,29
3066,0,0.5,0.5,0.25,42,30
3067,0,0.5,0.5,0.25,42,31
3068,0,0.5,0.5,0.25,42,32
3069,0,0.5,-0.5,-0.25,43,0
3070,-1,0.5,-0.5,-0.25,43,1
3071,0,0.5,-0.5,-0.25,43,2
3072,0,0.5,0.5,0.25,43,3
3073,0,0.5,-0.5,-0.25,43,4
3074,0,0.5,-0.5,-0.25,43,5
3075,0,0.5,-0.5,-0.25,43,6
3076,0,0.5,-0.5,-0.25,43,7
3077,0,0.5,-0.5,-0.25,43,8
3078,0,0.5,-0.5,-0.25,43,9
3079,0,0.5,-0.5,-0.25,43,10
3080,0,0.5,-0.5,-0.25,43,11
3081,-1,0.5,0.5,0.25,43,12
3082,0,0.5,-0.5,-0.25,43,13
3083,0,0.5,0.5,0.25,43,14
3084,0,0.5,-0.5,-0.25,43,15
3085,0,0.5,-0.5,-0.25,43,16
3086,0,0.5,-0.5,-0.25,43,17
3087,0,0.5,-0.5,-0.25,43,18
3088,0,0.5,-0.5,-0.25,43,19
3089,0,0.5,-0.5,-0.25,43,20
3090,0,0.5,-0.5,-0.25,43,21
3091,0,0.5,-0.5,-0.25,43,22
3092,0,0.5,-0.5,-0.25,43,23
3093,0,0.5,-0.5,-0.25,43,24
3094,-1,0.5,-0.5,-0.25,43,25
3095,0,0.5,-0.5,-0.25,43,26
3096,0,0.5,-0.5,-0.25,43,27
3097,0,0.5,-0.5,-0.25,43,28
3098,0,0.5,-0.5,-0.25,43,29
3099,0,0.5,0.5,0.25,43,30
3100,0,0.5,0.5,0.25,43,31
3101,0,0.5,0.5,0.25,43,32
3102,0,0.5,-0.5,-0.25,44,0
3103,-1,0.5,-0.5,-0.25,44,1
3104,0,0.5,-0.5,-0.25,44,2
3105,0,0.5,0.5,0.25,44,3
3106,0,0.5,-0.5,-0.25,44,4
3107,0,0.5,-0.5,-0.25,44,5
3108,0,0.5,-0.5,-0.25,44,6
3109,0,0.5,-0.5,-0.25,44,7
3110,0,0.5,-0.5,-0.25,44,8
3111,0,0.5,-0.5,-0.25,44,9
3112,0,0.5,-0.5,-0.25,44,10
3113,0,0.5,-0.5,-0.25,44,11
3114,0,0.5,0.5,0.25,44,12
3115,0,0.5,-0.5,-0.25,44,13
3116,0,0.5,0.5,0.25,44,14
3117,0,0.5,-0.5,-0.25,44,15
3118,0,0.5,-0.5,-0.25,44,16
3119,0,0.5,-0.5,-0.25,44,17
3120,0,0.5,-0.5,-0.25,44,18
3121,0,0.5,-0.5,-0.25,44,19
3122,0,0.5,-0.5,-0.25,44,20
3123,0,0.5,-0.5,-0.25,44,21
3124,0,0.5,-0.5,-0.25,44,22
3125,0,0.5,-0.5,-0.25,44,23
3126,0,0.5,-0.5,-0.25,44,24
3127,0,0.5,-0.5,-0.25,44,25
3128,0,0.5,-0.5,-0.25,44,26
3129,0,0.5,-0.5,-0.25,44,27
3130,0,0.5,-0.5,-0.25,44,28
3131,0,0.5,-0.5,-0.25,44,29
3132,0,0.5,0.5,0.25,44,30
3133,0,0.5,0.5,0.25,44,31
3134,0,0.5,0.5,0.25,44,32
3135,0,0.5,-0.5,-0.25,45,0
3136,-1,0.5,-0.5,-0.25,45,1
3137,0,0.5,-0.5,-0.25,45,2
3138,0,0.5,0.5,0.25,45,3
3139,0,0.5,-0.5,-0.25,45,4
3140,0,0.5,-0.5,-0.25,45,5
3141,0,0.5,-0.5,-0.25,45,6
3142,0,0.5,-0.5,-0.25,45,7
3143,0,0.5,-0.5,-0.25,45,8
3144,0,0.5,-0.5,-0.25,45,9
3145,0,0.5,-0.5,-0.25,45,10
3146,0,0.5,-0.5,-0.25,45,11
3147,-1,0.5,0.5,0.25,45,12
3148,0,0.5,-0.5,-0.25,45,13
3149,0,0.5,0.5,0.25,45,14
3150,0,0.5,-0.5,-0.25,45,15
3151,0,0.5,-0.5,-0.25,45,16
3152,0,0.5,-0.5,-0.25,45,17
3153,0,0.5,-0.5,-0.25,45,18
3154,0,0.5,-0.5,-0.25,45,19
3155,0,0.5,-0.5,-0.25,45,20
3156,0,0.5,-0.5,-0.25,45,21
3157,0,0.5,-0.5,-0.25,45,22
3158,0,0.5,-0.5,-0.25,45,23
3159,0,0.5,-0.5,-0.25,45,24
3160,0,0.5,-0.5,-0.25,45,25
3161,0,0.5,-0.5,-0.25,45,26
3162,0,0.5,-0.5,-0.25,45,27
3163,0,0.5,-0.5,-0.25,45,28
3164,0,0.5,-0.5,-0.25,45,29
3165,0,0.5,0.5,0.25,45,30
3166,0,0.5,0.5,0.25,45,31
3167,0,0.5,0.5,0.25,45,32
3168,0,0.5,-0.5,-0.25,46,0
3169,-1,0.5,-0.5,-0.25,46,1
3170,0,0.5,-0.5,-0.25,46,2
3171,0,0.5,0.5,0.25,46,3
3172,0,0.5,-0.5,-0.25,46,4
3173,0,0.5,-0.5,-0.25,46,5
3174,0,0.5,-0.5,-0.25,46,6
3175,0,0.5,-0.5,-0.25,46,7
3176,0,0.5,-0.5,-0.25,46,8
3177,0,0.5,-0.5,-0.25,46,9
3178,0,0.5,-0.5,-0.25,46,10
3179,0,0.5,-0.5,-0.25,46,11
3180,-1,0.5,0.5,0.25,46,12
3181,0,0.5,-0.5,-0.25,46,13
3182,0,0.5,0.5,0.25,46,14
3183,0,0.5,-0.5,-0.25,46,15
3184,0,0.5,-0.5,-0.25,46,16
3185,0,0.5,-0.5,-0.25,46,17
3186,0,0.5,-0.5,-0.25,46,18
3187,0,0.5,-0.5,-0.25,46,19
3188,0,0.5,-0.5,-0.25,46,20
3189,0,0.5,-0.5,-0.25,46,21
3190,0,0.5,-0.5,-0.25,46,22
3191,0,0.5,-0.5,-0.25,46,23
3192,0,0.5,-0.5,-0.25,46,24
3193,0,0.5,-0.5,-0.25,46,25
3194,0,0.5,-0.5,-0.25,46,26
3195,0,0.5,-0.5,-0.25,46,27
3196,0,0.5,-0.5,-0.25,46,28
3197,0,0.5,-0.5,-0.25,46,29
3198,0,0.5,0.5,0.25,46,30
3199,0,0.5,0.5,0.25,46,31
3200,0,0.5,0.5,0.25,46,32
3201,0,0.5,-0.5,-0.25,47,0
3202,-1,0.5,-0.5,-0.25,47,1
3203,0,0.5,-0.5,-0.25,47,2
3204,-3,0.5,0.5,0.25,47,3
3205,0,0.5,-0.5,-0.25,47,4
3206,0,0.5,-0.5,-0.25,47,5
3207,0,0.5,-0.5,-0.25,47,6
3208,0,0.5,-0.5,-0.25,47,7
3209,0,0.5,-0.5,-0.25,47,8
3210,0,0.5,-0.5,-0.25,47,9
3211,0,0.5,-0.5,-0.25,47,10
3212,0,0.5,-0.5,-0.25,47,11
3213,-1,0.5,0.5,0.25,47,12
3214,0,0.5,-0.5,-0.25,47,13
3215,0,0.5,0.5,0.25,47,14
3216,0,0.5,-0.5,-0.25,47,15
3217,0,0.5,-0.5,-0.25,47,16
3218,0,0.5,-0.5,-0.25,47,17
3219,0,0.5,-0.5,-0.25,47,18
3220,0,0.5,-0.5,-0.25,47,19
3221,0,0.5,-0.5,-0.25,47,20
3222,0,0.5,-0.5,-0.25,47,21
3223,0,0.5,-0.5,-0.25,47,22
3224,0,0.5,-0.5,-0.25,47,23
3225,0,0.5,-0.5,-0.25,47,24
3226,0,0.5,-0.5,-0.25,47,25
3227,0,0.5,-0.5,-0.25,47,26
3228,0,0.5,-0.5,-0.25,47,27
3229,0,0.5,-0.5,-0.25,47,28
3230,0,0.5,-0.5,-0.25,47,29
3231,0,0.5,0.5,0.25,47,30
3232,0,0.5,0.5,0.25,47,31
3233,0,0.5,0.5,0.25,47,32
3234,0,0.5,-0.5,-0.25,48,0
3235,-1,0.5,-0.5,-0.25,48,1
3236,0,0.5,-0.5,-0.25,48,2
3237,0,0.5,0.5,0.25,48,3
3238,0,0.5,-0.5,-0.25,48,4
3239,0,0.5,-0.5,-0.25,48,5
3240,0,0.5,-0.5,-0.25,48,6
3241,0,0.5,-0.5,-0.25,48,7
3242,0,0.5,-0.5,-0.25,48,8
3243,0,0.5,-0.5,-0.25,48,9
3244,0,0.5,-0.5,-0.25,48,10
3245,0,0.5,-0.5,-0.25,48,11
3246,0,0.5,0.5,0.25,48,12
3247,0,0.5,-0.5,-0.25,48,13
3248,0,0.5,0.5,0.25,48,14
3249,0,0.5,-0.5,-0.25,48,15
3250,0,0.5,-0.5,-0.25,48,16
3251,0,0.5,-0.5,-0.25,48,17
3252,0,0.5,-0.5,-0.25,48,18
3253,0,0.5,-0.5,-0.25,48,19
3254,0,0.5,-0.5,-0.25,48,20
3255,0,0.5,-0.5,-0.25,48,21
3256,0,0.5,-0.5,-0.25,48,22
3257,0,0.5,-0.5,-0.25,48,23
3258,0,0.5,-0.5,-0.25,48,24
3259,-1,0.5,-0.5,-0.25,48,25
3260,0,0.5,-0.5,-0.25,48,26
3261,0,0.5,-0.5,-0.25,48,27
3262,0,0.5,-0.5,-0.25,48,28
3263,0,0.5,-0.5,-0.25,48,29
3264,0,0.5,0.5,0.25,48,30
3265,0,0.5,0.5,0.25,48,31
3266,0,0.5,0.5,0.25,48,32
3267,0,0.5,-0.5,-0.25,49,0
3268,-1,0.5,-0.5,-0.25,49,1
3269,0,0.5,-0.5,-0.25,49,2
3270,0,0.5,0.5,0.25,49,3
3271,0,0.5,-0.5,-0.25,49,4
3272,0,0.5,-0.5,-0.25,49,5
3273,0,0.5,-0.5,-0.25,49,6
3274,0,0.5,-0.5,-0.25,49,7
3275,0,0.5,-0.5,-0.25,49,8
3276,0,0.5,-0.5,-0.25,49,9
3277,0,0.5,-0.5,-0.25,49,10
3278,0,0.5,-0.5,-0.25,49,11
3279,0,0.5,0.5,0.25,49,12
3280,0,0.5,-0.5,-0.25,49,13
3281,0,0.5,0.5,0.25,49,14
3282,0,0.5,-0.5,-0.25,49,15
3283,0,0.5,-0.5,-0.25,49,16
3284,0,0.5,-0.5,-0.25,49,17
3285,0,0.5,-0.5,-0.25,49,18
3286,0,0.5,-0.5,-0.25,49,19
3287,0,0.5,-0.5,-0.25,49,20
3288,0,0.5,-0.5,-0.25,49,21
3289,0,0.5,-0.5,-0.25,49,22
3290,0,0.5,-0.5,-0.25,49,23
3291,0,0.5,-0.5,-0.25,49,24
3292,-1,0.5,-0.5,-0.25,49,25
3293,0,0.5,-0.5,-0.25,49,26
3294,0,0.5,-0.5,-0.25,49,27
3295,0,0.5,-0.5,-0.25,49,28
3296,0,0.5,-0.5,-0.25,49,29
3297,0,0.5,0.5,0.25,49,30
3298,0,0.5,0.5,0.25,49,31
3299,0,0.5,0.5,0.25,49,32
