,score_dif,train_group,in_distrib,train_x_distrib,userid,gridnum,push,train_x_push
0,0,0.5,-0.5,-0.25,1,202,-0.5,-0.25
1,0,0.5,0.5,0.25,1,404,0.0,0.0
2,-1,0.5,-0.5,-0.25,1,103,0.5,0.25
3,0,0.5,0.5,0.25,1,301,0.0,0.0
4,-1,0.5,-0.5,-0.25,1,102,0.5,0.25
5,0,0.5,-0.5,-0.25,1,207,-0.5,-0.25
6,-1,0.5,-0.5,-0.25,1,105,0.5,0.25
7,0,0.5,-0.5,-0.25,1,206,-0.5,-0.25
8,0,0.5,-0.5,-0.25,1,204,-0.5,-0.25
9,-1,0.5,-0.5,-0.25,3,207,-0.5,-0.25
10,0,0.5,0.5,0.25,1,405,0.0,0.0
11,0,0.5,0.5,0.25,1,408,0.0,0.0
12,0,0.5,-0.5,-0.25,3,106,0.5,0.25
13,-1,0.5,-0.5,-0.25,1,107,0.5,0.25
14,0,0.5,0.5,0.25,1,308,0.0,0.0
15,0,0.5,0.5,0.25,3,305,0.0,0.0
16,-1,0.5,-0.5,-0.25,1,108,0.5,0.25
17,0,0.5,0.5,0.25,1,305,0.0,0.0
18,-1,0.5,0.5,0.25,4,303,0.0,0.0
19,0,0.5,0.5,0.25,1,401,0.0,0.0
20,0,0.5,-0.5,-0.25,4,201,-0.5,-0.25
21,0,0.5,0.5,0.25,3,408,0.0,0.0
22,0,0.5,0.5,0.25,5,304,0.0,0.0
23,0,0.5,-0.5,-0.25,5,101,0.5,0.25
24,0,0.5,-0.5,-0.25,3,205,-0.5,-0.25
25,-1,0.5,-0.5,-0.25,1,106,0.5,0.25
26,-1,0.5,-0.5,-0.25,4,102,0.5,0.25
27,0,0.5,0.5,0.25,5,404,0.0,0.0
28,-1,0.5,-0.5,-0.25,4,208,-0.5,-0.25
29,0,0.5,0.5,0.25,3,308,0.0,0.0
30,0,0.5,-0.5,-0.25,4,202,-0.5,-0.25
31,0,0.5,0.5,0.25,5,406,0.0,0.0
32,0,0.5,0.5,0.25,1,306,0.0,0.0
33,0,0.5,-0.5,-0.25,3,202,-0.5,-0.25
34,0,0.5,0.5,0.25,4,404,0.0,0.0
35,-1,0.5,0.5,0.25,4,405,0.0,0.0
36,0,0.5,-0.5,-0.25,3,104,0.5,0.25
37,0,0.5,0.5,0.25,4,301,0.0,0.0
38,-1,0.5,-0.5,-0.25,1,104,0.5,0.25
39,0,0.5,-0.5,-0.25,8,106,0.5,0.25
40,0,0.5,0.5,0.25,4,306,0.0,0.0
41,0,0.5,-0.5,-0.25,5,206,-0.5,-0.25
42,0,0.5,0.5,0.25,3,405,0.0,0.0
43,0,0.5,-0.5,-0.25,4,205,-0.5,-0.25
44,0,0.5,0.5,0.25,1,302,0.0,0.0
45,-1,0.5,-0.5,-0.25,5,107,0.5,0.25
46,0,0.5,0.5,0.25,4,308,0.0,0.0
47,0,0.5,0.5,0.25,1,303,0.0,0.0
48,-1,0.5,0.5,0.25,8,406,0.0,0.0
49,-1,0.5,-0.5,-0.25,3,102,0.5,0.25
50,0,0.5,-0.5,-0.25,1,208,-0.5,-0.25
51,0,0.5,-0.5,-0.25,1,205,-0.5,-0.25
52,-1,0.5,-0.5,-0.25,3,103,0.5,0.25
53,-1,0.5,0.5,0.25,4,307,0.0,0.0
54,0,0.5,0.5,0.25,8,407,0.0,0.0
55,0,0.5,0.5,0.25,1,406,0.0,0.0
56,0,0.5,-0.5,-0.25,5,104,0.5,0.25
57,-1,0.5,-0.5,-0.25,1,101,0.5,0.25
58,0,0.5,0.5,0.25,1,407,0.0,0.0
59,0,0.5,-0.5,-0.25,3,204,-0.5,-0.25
60,0,0.5,0.5,0.25,1,402,0.0,0.0
61,0,0.5,-0.5,-0.25,5,102,0.5,0.25
62,0,0.5,-0.5,-0.25,1,203,-0.5,-0.25
63,0,0.5,-0.5,-0.25,3,201,-0.5,-0.25
64,0,0.5,0.5,0.25,1,304,0.0,0.0
65,-1,0.5,-0.5,-0.25,4,103,0.5,0.25
66,0,0.5,0.5,0.25,1,307,0.0,0.0
67,-1,0.5,-0.5,-0.25,3,206,-0.5,-0.25
68,0,0.5,-0.5,-0.25,1,201,-0.5,-0.25
69,-1,0.5,-0.5,-0.25,4,108,0.5,0.25
70,-1,0.5,0.5,0.25,1,403,0.0,0.0
71,0,0.5,0.5,0.25,5,301,0.0,0.0
72,-1,0.5,0.5,0.25,8,301,0.0,0.0
73,0,0.5,0.5,0.25,3,301,0.0,0.0
74,0,0.5,-0.5,-0.25,5,204,-0.5,-0.25
75,0,0.5,0.5,0.25,4,406,0.0,0.0
76,-1,0.5,-0.5,-0.25,4,105,0.5,0.25
77,0,0.5,-0.5,-0.25,9,202,-0.5,-0.25
78,-1,0.5,0.5,0.25,8,308,0.0,0.0
79,0,0.5,0.5,0.25,4,403,0.0,0.0
80,-1,0.5,-0.5,-0.25,3,105,0.5,0.25
81,0,0.5,-0.5,-0.25,5,207,-0.5,-0.25
82,0,0.5,-0.5,-0.25,3,208,-0.5,-0.25
83,-1,0.5,-0.5,-0.25,8,104,0.5,0.25
84,0,0.5,0.5,0.25,4,408,0.0,0.0
85,0,0.5,-0.5,-0.25,5,202,-0.5,-0.25
86,0,0.5,0.5,0.25,3,306,0.0,0.0
87,-1,0.5,-0.5,-0.25,9,107,0.5,0.25
88,0,0.5,0.5,0.25,4,305,0.0,0.0
89,0,0.5,-0.5,-0.25,9,104,0.5,0.25
90,0,0.5,-0.5,-0.25,4,207,-0.5,-0.25
91,-1,0.5,-0.5,-0.25,8,102,0.5,0.25
92,0,0.5,0.5,0.25,9,307,0.0,0.0
93,-1,0.5,-0.5,-0.25,5,106,0.5,0.25
94,-1,0.5,-0.5,-0.25,3,108,0.5,0.25
95,0,0.5,-0.5,-0.25,5,105,0.5,0.25
96,0,0.5,0.5,0.25,9,304,0.0,0.0
97,-1,0.5,0.5,0.25,4,401,0.0,0.0
98,0,0.5,-0.5,-0.25,5,203,-0.5,-0.25
99,0,0.5,-0.5,-0.25,4,104,0.5,0.25
100,-1,0.5,-0.5,-0.25,9,108,0.5,0.25
101,0,0.5,-0.5,-0.25,3,101,0.5,0.25
102,0,0.5,0.5,0.25,5,305,0.0,0.0
103,-1,0.5,-0.5,-0.25,8,203,-0.5,-0.25
104,0,0.5,-0.5,-0.25,4,203,-0.5,-0.25
105,0,0.5,-0.5,-0.25,3,107,0.5,0.25
106,0,0.5,0.5,0.25,5,308,0.0,0.0
107,0,0.5,0.5,0.25,4,407,0.0,0.0
108,0,0.5,-0.5,-0.25,4,106,0.5,0.25
109,0,0.5,0.5,0.25,3,302,0.0,0.0
110,-1,0.5,-0.5,-0.25,5,103,0.5,0.25
111,0,0.5,0.5,0.25,4,402,0.0,0.0
112,0,0.5,-0.5,-0.25,9,101,0.5,0.25
113,0,0.5,0.5,0.25,3,402,0.0,0.0
114,0,0.5,-0.5,-0.25,4,204,-0.5,-0.25
115,0,0.5,0.5,0.25,5,407,0.0,0.0
116,-1,0.5,-0.5,-0.25,8,204,-0.5,-0.25
117,0,0.5,0.5,0.25,3,403,0.0,0.0
118,-1,0.5,-0.5,-0.25,4,101,0.5,0.25
119,0,0.5,0.5,0.25,5,405,0.0,0.0
120,0,0.5,-0.5,-0.25,9,105,0.5,0.25
121,0,0.5,-0.5,-0.25,4,107,0.5,0.25
122,0,0.5,0.5,0.25,3,401,0.0,0.0
123,0,0.5,-0.5,-0.25,9,206,-0.5,-0.25
124,-1,0.5,-0.5,-0.25,4,206,-0.5,-0.25
125,0,0.5,0.5,0.25,3,407,0.0,0.0
126,0,0.5,-0.5,-0.25,5,208,-0.5,-0.25
127,-1,0.5,0.5,0.25,4,302,0.0,0.0
128,-1,0.5,0.5,0.25,8,302,0.0,0.0
129,0,0.5,-0.5,-0.25,9,205,-0.5,-0.25
130,-1,0.5,0.5,0.25,4,304,0.0,0.0
131,0,0.5,0.5,0.25,5,408,0.0,0.0
132,0,0.5,0.5,0.25,3,304,0.0,0.0
133,0,0.5,0.5,0.25,8,405,0.0,0.0
134,0,0.5,0.5,0.25,9,406,0.0,0.0
135,0,0.5,0.5,0.25,3,404,0.0,0.0
136,0,0.5,0.5,0.25,9,404,0.0,0.0
137,0,0.5,0.5,0.25,8,408,0.0,0.0
138,0,0.5,0.5,0.25,3,303,0.0,0.0
139,0,0.5,0.5,0.25,9,407,0.0,0.0
140,0,0.5,0.5,0.25,8,403,0.0,0.0
141,0,0.5,-0.5,-0.25,5,205,-0.5,-0.25
142,0,0.5,0.5,0.25,3,406,0.0,0.0
143,0,0.5,0.5,0.25,5,307,0.0,0.0
144,0,0.5,0.5,0.25,5,306,0.0,0.0
145,0,0.5,-0.5,-0.25,9,106,0.5,0.25
146,-1,0.5,-0.5,-0.25,8,206,-0.5,-0.25
147,0,0.5,-0.5,-0.25,9,201,-0.5,-0.25
148,0,0.5,0.5,0.25,5,302,0.0,0.0
149,-1,0.5,-0.5,-0.25,8,108,0.5,0.25
150,-1,0.5,0.5,0.25,3,307,0.0,0.0
151,0,0.5,0.5,0.25,9,306,0.0,0.0
152,0,0.5,0.5,0.25,5,303,0.0,0.0
153,0,0.5,-0.5,-0.25,3,203,-0.5,-0.25
154,0,0.5,0.5,0.25,5,402,0.0,0.0
155,-1,0.5,-0.5,-0.25,9,103,0.5,0.25
156,0,0.5,0.5,0.25,5,401,0.0,0.0
157,0,0.5,-0.5,-0.25,10,107,0.5,0.25
158,0,0.5,0.5,0.25,9,403,0.0,0.0
159,0,0.5,-0.5,-0.25,5,201,-0.5,-0.25
160,0,0.5,0.5,0.25,8,404,0.0,0.0
161,0,0.5,0.5,0.25,5,403,0.0,0.0
162,0,0.5,-0.5,-0.25,10,206,-0.5,-0.25
163,0,0.5,0.5,0.25,8,306,0.0,0.0
164,-1,0.5,-0.5,-0.25,5,108,0.5,0.25
165,0,0.5,-0.5,-0.25,9,204,-0.5,-0.25
166,0,0.5,0.5,0.25,9,301,0.0,0.0
167,0,0.5,0.5,0.25,10,301,0.0,0.0
168,0,0.5,0.5,0.25,8,307,0.0,0.0
169,0,0.5,0.5,0.25,9,303,0.0,0.0
170,0,0.5,0.5,0.25,9,408,0.0,0.0
171,0,0.5,-0.5,-0.25,8,207,-0.5,-0.25
172,0,0.5,0.5,0.25,10,407,0.0,0.0
173,0,0.5,-0.5,-0.25,8,205,-0.5,-0.25
174,0,0.5,-0.5,-0.25,9,208,-0.5,-0.25
175,0,-0.5,0.5,-0.25,2,302,0.0,-0.0
176,0,0.5,0.5,0.25,9,402,0.0,0.0
177,0,0.5,0.5,0.25,8,304,0.0,0.0
178,0,-0.5,0.5,-0.25,2,306,0.0,-0.0
179,0,0.5,-0.5,-0.25,9,207,-0.5,-0.25
180,0,0.5,0.5,0.25,9,405,0.0,0.0
181,0,0.5,0.5,0.25,8,401,0.0,0.0
182,0,-0.5,-0.5,0.25,2,205,-0.5,0.25
183,0,0.5,0.5,0.25,9,401,0.0,0.0
184,0,-0.5,-0.5,0.25,2,204,-0.5,0.25
185,0,0.5,-0.5,-0.25,9,102,0.5,0.25
186,0,-0.5,0.5,-0.25,2,308,0.0,-0.0
187,-1,-0.5,-0.5,0.25,2,104,0.5,-0.25
188,-1,0.5,-0.5,-0.25,10,105,0.5,0.25
189,0,0.5,-0.5,-0.25,8,105,0.5,0.25
190,0,0.5,0.5,0.25,9,302,0.0,0.0
191,0,-0.5,-0.5,0.25,2,108,0.5,-0.25
192,0,0.5,0.5,0.25,9,308,0.0,0.0
193,0,0.5,-0.5,-0.25,9,203,-0.5,-0.25
194,0,0.5,-0.5,-0.25,8,201,-0.5,-0.25
195,-1,0.5,-0.5,-0.25,10,101,0.5,0.25
196,0,-0.5,-0.5,0.25,2,203,-0.5,0.25
197,0,-0.5,0.5,-0.25,2,405,0.0,-0.0
198,0,0.5,0.5,0.25,9,305,0.0,0.0
199,0,0.5,0.5,0.25,8,305,0.0,0.0
200,0,-0.5,-0.5,0.25,2,107,0.5,-0.25
201,0,0.5,-0.5,-0.25,8,202,-0.5,-0.25
202,0,-0.5,0.5,-0.25,2,304,0.0,-0.0
203,0,0.5,0.5,0.25,10,401,0.0,0.0
204,-1,0.5,0.5,0.25,12,307,0.0,0.0
205,0,0.5,-0.5,-0.25,8,101,0.5,0.25
206,0,-0.5,-0.5,0.25,2,101,0.5,-0.25
207,0,-0.5,0.5,-0.25,2,301,0.0,-0.0
208,0,0.5,0.5,0.25,8,303,0.0,0.0
209,-1,0.5,-0.5,-0.25,10,106,0.5,0.25
210,0,-0.5,-0.5,0.25,2,207,-0.5,0.25
211,-1,0.5,-0.5,-0.25,12,203,-0.5,-0.25
212,0,-0.5,-0.5,0.25,2,105,0.5,-0.25
213,0,-0.5,-0.5,0.25,2,208,-0.5,0.25
214,0,-0.5,0.5,-0.25,6,403,0.0,-0.0
215,0,0.5,-0.5,-0.25,8,103,0.5,0.25
216,0,-0.5,-0.5,0.25,6,207,-0.5,0.25
217,0,0.5,-0.5,-0.25,8,208,-0.5,-0.25
218,-1,0.5,0.5,0.25,10,306,0.0,0.0
219,-1,0.5,0.5,0.25,12,301,0.0,0.0
220,0,-0.5,0.5,-0.25,2,407,0.0,-0.0
221,0,-0.5,0.5,-0.25,6,408,0.0,-0.0
222,0,0.5,0.5,0.25,8,402,0.0,0.0
223,0,-0.5,0.5,-0.25,2,307,0.0,-0.0
224,0,-0.5,-0.5,0.25,6,206,-0.5,0.25
225,0,0.5,-0.5,-0.25,8,107,0.5,0.25
226,0,-0.5,0.5,-0.25,6,405,0.0,-0.0
227,-1,-0.5,-0.5,0.25,2,102,0.5,-0.25
228,-1,0.5,0.5,0.25,10,305,0.0,0.0
229,0,0.5,0.5,0.25,10,408,0.0,0.0
230,0,-0.5,0.5,-0.25,2,305,0.0,-0.0
231,-1,-0.5,-0.5,0.25,2,103,0.5,-0.25
232,0,0.5,0.5,0.25,12,404,0.0,0.0
233,0,-0.5,-0.5,0.25,2,202,-0.5,0.25
234,0,-0.5,-0.5,0.25,6,107,0.5,-0.25
235,0,0.5,0.5,0.25,10,303,0.0,0.0
236,0,-0.5,0.5,-0.25,2,402,0.0,-0.0
237,0,0.5,-0.5,-0.25,10,202,-0.5,-0.25
238,0,-0.5,-0.5,0.25,2,106,0.5,-0.25
239,0,-0.5,0.5,-0.25,6,404,0.0,-0.0
240,0,-0.5,0.5,-0.25,7,306,0.0,-0.0
241,0,0.5,-0.5,-0.25,10,201,-0.5,-0.25
242,0,0.5,0.5,0.25,12,405,0.0,0.0
243,0,-0.5,-0.5,0.25,7,107,0.5,-0.25
244,0,-0.5,0.5,-0.25,6,305,0.0,-0.0
245,-1,-0.5,0.5,-0.25,2,406,0.0,-0.0
246,0,-0.5,-0.5,0.25,7,102,0.5,-0.25
247,0,-0.5,0.5,-0.25,2,303,0.0,-0.0
248,-2,0.5,0.5,0.25,12,407,0.0,0.0
249,0,-0.5,0.5,-0.25,6,406,0.0,-0.0
250,0,-0.5,-0.5,0.25,7,106,0.5,-0.25
251,0,-0.5,0.5,-0.25,2,408,0.0,-0.0
252,-1,0.5,-0.5,-0.25,10,102,0.5,0.25
253,0,-0.5,0.5,-0.25,7,404,0.0,-0.0
254,-1,0.5,-0.5,-0.25,12,106,0.5,0.25
255,0,-0.5,0.5,-0.25,6,301,0.0,-0.0
256,0,0.5,0.5,0.25,10,307,0.0,0.0
257,0,-0.5,-0.5,0.25,6,101,0.5,-0.25
258,-1,-0.5,0.5,-0.25,2,404,0.0,-0.0
259,0,0.5,-0.5,-0.25,12,102,0.5,0.25
260,0,-0.5,-0.5,0.25,2,206,-0.5,0.25
261,0,-0.5,-0.5,0.25,7,105,0.5,-0.25
262,-1,-0.5,-0.5,0.25,6,108,0.5,-0.25
263,0,-0.5,-0.5,0.25,7,204,-0.5,0.25
264,-1,-0.5,0.5,-0.25,2,401,0.0,-0.0
265,0,-0.5,0.5,-0.25,6,402,0.0,-0.0
266,0,-0.5,0.5,-0.25,2,403,0.0,-0.0
267,-1,0.5,0.5,0.25,12,305,0.0,0.0
268,0,-0.5,0.5,-0.25,7,302,0.0,-0.0
269,0,-0.5,0.5,-0.25,6,308,0.0,-0.0
270,0,-0.5,-0.5,0.25,2,201,-0.5,0.25
271,0,-0.5,-0.5,0.25,7,203,-0.5,0.25
272,0,0.5,-0.5,-0.25,10,205,-0.5,-0.25
273,0,-0.5,-0.5,0.25,7,205,-0.5,0.25
274,-1,0.5,0.5,0.25,12,303,0.0,0.0
275,0,-0.5,-0.5,0.25,6,204,-0.5,0.25
276,0,-0.5,-0.5,0.25,7,207,-0.5,0.25
277,0,-0.5,0.5,-0.25,7,305,0.0,-0.0
278,0,0.5,0.5,0.25,12,406,0.0,0.0
279,-1,0.5,-0.5,-0.25,10,103,0.5,0.25
280,0,-0.5,0.5,-0.25,7,308,0.0,-0.0
281,0,-0.5,-0.5,0.25,6,201,-0.5,0.25
282,0,0.5,-0.5,-0.25,12,202,-0.5,-0.25
283,0,-0.5,-0.5,0.25,7,104,0.5,-0.25
284,-1,0.5,-0.5,-0.25,10,104,0.5,0.25
285,0,-0.5,-0.5,0.25,6,202,-0.5,0.25
286,0,-0.5,-0.5,0.25,7,101,0.5,-0.25
287,0,-0.5,0.5,-0.25,6,304,0.0,-0.0
288,0,0.5,0.5,0.25,10,403,0.0,0.0
289,0,-0.5,0.5,-0.25,7,307,0.0,-0.0
290,0,-0.5,0.5,-0.25,7,406,0.0,-0.0
291,0,-0.5,0.5,-0.25,6,307,0.0,-0.0
292,0,-0.5,0.5,-0.25,7,402,0.0,-0.0
293,0,0.5,0.5,0.25,10,308,0.0,0.0
294,-1,0.5,-0.5,-0.25,12,101,0.5,0.25
295,0,0.5,0.5,0.25,10,404,0.0,0.0
296,0,-0.5,0.5,-0.25,6,303,0.0,-0.0
297,0,0.5,0.5,0.25,12,408,0.0,0.0
298,0,-0.5,-0.5,0.25,6,203,-0.5,0.25
299,0,-0.5,0.5,-0.25,6,302,0.0,-0.0
300,-1,0.5,-0.5,-0.25,12,108,0.5,0.25
301,0,-0.5,0.5,-0.25,7,401,0.0,-0.0
302,0,-0.5,-0.5,0.25,7,202,-0.5,0.25
303,0,-0.5,-0.5,0.25,6,104,0.5,-0.25
304,-1,0.5,0.5,0.25,12,401,0.0,0.0
305,0,-0.5,0.5,-0.25,6,306,0.0,-0.0
306,0,0.5,0.5,0.25,10,402,0.0,0.0
307,0,-0.5,-0.5,0.25,6,106,0.5,-0.25
308,0,-0.5,-0.5,0.25,7,103,0.5,-0.25
309,-1,0.5,-0.5,-0.25,12,107,0.5,0.25
310,0,-0.5,0.5,-0.25,7,408,0.0,-0.0
311,0,-0.5,0.5,-0.25,6,407,0.0,-0.0
312,0,-0.5,0.5,-0.25,7,303,0.0,-0.0
313,-1,0.5,0.5,0.25,12,302,0.0,0.0
314,0,-0.5,0.5,-0.25,7,405,0.0,-0.0
315,-1,0.5,-0.5,-0.25,12,104,0.5,0.25
316,-1,-0.5,-0.5,0.25,6,105,0.5,-0.25
317,0,-0.5,0.5,-0.25,7,301,0.0,-0.0
318,0,0.5,0.5,0.25,12,402,0.0,0.0
319,-1,-0.5,-0.5,0.25,6,103,0.5,-0.25
320,0,-0.5,0.5,-0.25,6,401,0.0,-0.0
321,0,-0.5,0.5,-0.25,7,403,0.0,-0.0
322,0,-0.5,-0.5,0.25,6,205,-0.5,0.25
323,0,-0.5,-0.5,0.25,7,206,-0.5,0.25
324,0,-0.5,-0.5,0.25,6,102,0.5,-0.25
325,0,-0.5,-0.5,0.25,6,208,-0.5,0.25
326,0,0.5,-0.5,-0.25,12,207,-0.5,-0.25
327,0,-0.5,-0.5,0.25,7,201,-0.5,0.25
328,0,0.5,0.5,0.25,16,408,0.0,0.0
329,0,-0.5,-0.5,0.25,7,208,-0.5,0.25
330,0,-0.5,0.5,-0.25,7,304,0.0,-0.0
331,0,0.5,0.5,0.25,12,403,0.0,0.0
332,-1,0.5,-0.5,-0.25,16,201,-0.5,-0.25
333,0,0.5,0.5,0.25,12,306,0.0,0.0
334,0,-0.5,-0.5,0.25,7,108,0.5,-0.25
335,0,-0.5,0.5,-0.25,7,407,0.0,-0.0
336,-1,0.5,-0.5,-0.25,16,102,0.5,0.25
337,-1,0.5,-0.5,-0.25,10,108,0.5,0.25
338,0,0.5,-0.5,-0.25,12,204,-0.5,-0.25
339,-1,0.5,-0.5,-0.25,18,201,-0.5,-0.25
340,-1,0.5,0.5,0.25,16,306,0.0,0.0
341,0,0.5,0.5,0.25,10,406,0.0,0.0
342,0,0.5,0.5,0.25,12,308,0.0,0.0
343,-1,0.5,-0.5,-0.25,16,103,0.5,0.25
344,-1,0.5,-0.5,-0.25,18,105,0.5,0.25
345,0,0.5,-0.5,-0.25,10,203,-0.5,-0.25
346,-1,0.5,-0.5,-0.25,12,201,-0.5,-0.25
347,0,0.5,0.5,0.25,10,405,0.0,0.0
348,-1,0.5,-0.5,-0.25,16,204,-0.5,-0.25
349,0,0.5,0.5,0.25,12,304,0.0,0.0
350,-1,-0.5,0.5,-0.25,14,305,0.0,-0.0
351,-1,-0.5,0.5,-0.25,14,404,0.0,-0.0
352,0,-0.5,-0.5,0.25,14,207,-0.5,0.25
353,-1,-0.5,0.5,-0.25,14,407,0.0,-0.0
354,-1,-0.5,0.5,-0.25,14,303,0.0,-0.0
355,-1,-0.5,-0.5,0.25,14,208,-0.5,0.25
356,-1,-0.5,0.5,-0.25,14,302,0.0,-0.0
357,-1,-0.5,-0.5,0.25,14,107,0.5,-0.25
358,-1,-0.5,0.5,-0.25,14,306,0.0,-0.0
359,-1,0.5,-0.5,-0.25,12,208,-0.5,-0.25
360,-1,-0.5,-0.5,0.25,14,102,0.5,-0.25
361,-1,0.5,-0.5,-0.25,18,206,-0.5,-0.25
362,-1,-0.5,0.5,-0.25,14,403,0.0,-0.0
363,-1,-0.5,-0.5,0.25,14,108,0.5,-0.25
364,0,-0.5,-0.5,0.25,14,203,-0.5,0.25
365,-1,-0.5,-0.5,0.25,14,201,-0.5,0.25
366,0,-0.5,0.5,-0.25,14,408,0.0,-0.0
367,-1,0.5,0.5,0.25,18,306,0.0,0.0
368,-1,-0.5,0.5,-0.25,14,401,0.0,-0.0
369,0,0.5,-0.5,-0.25,12,206,-0.5,-0.25
370,-1,-0.5,-0.5,0.25,14,106,0.5,-0.25
371,-1,-0.5,0.5,-0.25,14,301,0.0,-0.0
372,-1,-0.5,-0.5,0.25,14,205,-0.5,0.25
373,0,0.5,0.5,0.25,10,304,0.0,0.0
374,0,-0.5,-0.5,0.25,14,104,0.5,-0.25
375,0,0.5,-0.5,-0.25,18,205,-0.5,-0.25
376,-1,-0.5,0.5,-0.25,14,307,0.0,-0.0
377,-1,-0.5,0.5,-0.25,14,406,0.0,-0.0
378,-1,-0.5,0.5,-0.25,14,402,0.0,-0.0
379,-1,-0.5,-0.5,0.25,14,101,0.5,-0.25
380,-1,-0.5,0.5,-0.25,14,304,0.0,-0.0
381,-1,-0.5,-0.5,0.25,14,202,-0.5,0.25
382,-1,-0.5,-0.5,0.25,14,204,-0.5,0.25
383,0,-0.5,0.5,-0.25,14,308,0.0,-0.0
384,-1,-0.5,-0.5,0.25,14,206,-0.5,0.25
385,-1,0.5,-0.5,-0.25,12,103,0.5,0.25
386,0,0.5,-0.5,-0.25,10,204,-0.5,-0.25
387,-1,-0.5,-0.5,0.25,14,105,0.5,-0.25
388,0,0.5,0.5,0.25,18,408,0.0,0.0
389,-1,-0.5,0.5,-0.25,14,405,0.0,-0.0
390,-1,0.5,-0.5,-0.25,12,105,0.5,0.25
391,-1,-0.5,-0.5,0.25,14,103,0.5,-0.25
392,-1,0.5,-0.5,-0.25,12,205,-0.5,-0.25
393,-1,0.5,-0.5,-0.25,18,208,-0.5,-0.25
394,0,0.5,-0.5,-0.25,10,208,-0.5,-0.25
395,0,0.5,0.5,0.25,18,405,0.0,0.0
396,0,0.5,0.5,0.25,10,302,0.0,0.0
397,0,0.5,-0.5,-0.25,10,207,-0.5,-0.25
398,0,0.5,0.5,0.25,18,301,0.0,0.0
399,0,-0.5,-0.5,0.25,11,208,-0.5,0.25
400,-1,0.5,-0.5,-0.25,18,101,0.5,0.25
401,0,-0.5,-0.5,0.25,11,207,-0.5,0.25
402,-1,0.5,0.5,0.25,18,308,0.0,0.0
403,0,-0.5,-0.5,0.25,13,206,-0.5,0.25
404,0,0.5,0.5,0.25,18,307,0.0,0.0
405,-1,-0.5,-0.5,0.25,11,108,0.5,-0.25
406,-1,-0.5,-0.5,0.25,13,102,0.5,-0.25
407,-1,0.5,-0.5,-0.25,18,203,-0.5,-0.25
408,0,-0.5,-0.5,0.25,15,208,-0.5,0.25
409,0,-0.5,0.5,-0.25,13,302,0.0,-0.0
410,0,-0.5,-0.5,0.25,11,201,-0.5,0.25
411,0,0.5,0.5,0.25,18,401,0.0,0.0
412,0,0.5,0.5,0.25,20,404,0.0,0.0
413,0,-0.5,0.5,-0.25,13,305,0.0,-0.0
414,0,-0.5,0.5,-0.25,11,403,0.0,-0.0
415,0,-0.5,-0.5,0.25,15,105,0.5,-0.25
416,-1,-0.5,0.5,-0.25,15,307,0.0,-0.0
417,-1,0.5,-0.5,-0.25,18,204,-0.5,-0.25
418,-1,0.5,-0.5,-0.25,20,101,0.5,0.25
419,0,-0.5,-0.5,0.25,13,108,0.5,-0.25
420,0,0.5,0.5,0.25,18,403,0.0,0.0
421,0,-0.5,-0.5,0.25,15,106,0.5,-0.25
422,0,-0.5,-0.5,0.25,13,205,-0.5,0.25
423,0,0.5,0.5,0.25,20,407,0.0,0.0
424,0,-0.5,-0.5,0.25,11,101,0.5,-0.25
425,0,0.5,-0.5,-0.25,18,107,0.5,0.25
426,0,-0.5,0.5,-0.25,13,308,0.0,-0.0
427,0,-0.5,-0.5,0.25,15,205,-0.5,0.25
428,0,-0.5,0.5,-0.25,15,308,0.0,-0.0
429,-1,0.5,-0.5,-0.25,18,202,-0.5,-0.25
430,0,-0.5,0.5,-0.25,13,402,0.0,-0.0
431,0,0.5,0.5,0.25,20,402,0.0,0.0
432,-1,0.5,0.5,0.25,18,304,0.0,0.0
433,0,-0.5,0.5,-0.25,11,302,0.0,-0.0
434,0,-0.5,0.5,-0.25,15,303,0.0,-0.0
435,0,-0.5,-0.5,0.25,13,106,0.5,-0.25
436,0,-0.5,0.5,-0.25,11,304,0.0,-0.0
437,0,0.5,-0.5,-0.25,20,206,-0.5,-0.25
438,0,-0.5,0.5,-0.25,13,304,0.0,-0.0
439,0,0.5,0.5,0.25,18,303,0.0,0.0
440,0,0.5,0.5,0.25,18,402,0.0,0.0
441,0,0.5,0.5,0.25,21,308,0.0,0.0
442,0,-0.5,0.5,-0.25,11,408,0.0,-0.0
443,0,-0.5,0.5,-0.25,13,306,0.0,-0.0
444,-1,0.5,-0.5,-0.25,18,207,-0.5,-0.25
445,0,0.5,0.5,0.25,21,406,0.0,0.0
446,0,-0.5,-0.5,0.25,13,101,0.5,-0.25
447,-1,-0.5,0.5,-0.25,11,405,0.0,-0.0
448,0,-0.5,0.5,-0.25,15,306,0.0,-0.0
449,0,0.5,0.5,0.25,21,407,0.0,0.0
450,0,0.5,0.5,0.25,20,405,0.0,0.0
451,0,0.5,0.5,0.25,18,302,0.0,0.0
452,0,-0.5,0.5,-0.25,11,404,0.0,-0.0
453,0,0.5,0.5,0.25,20,403,0.0,0.0
454,0,-0.5,-0.5,0.25,15,103,0.5,-0.25
455,0,0.5,0.5,0.25,18,404,0.0,0.0
456,0,-0.5,0.5,-0.25,13,303,0.0,-0.0
457,0,0.5,0.5,0.25,20,401,0.0,0.0
458,0,0.5,-0.5,-0.25,21,207,-0.5,-0.25
459,0,-0.5,-0.5,0.25,15,107,0.5,-0.25
460,0,0.5,0.5,0.25,18,407,0.0,0.0
461,0,-0.5,-0.5,0.25,13,104,0.5,-0.25
462,0,-0.5,-0.5,0.25,11,106,0.5,-0.25
463,0,0.5,-0.5,-0.25,20,202,-0.5,-0.25
464,-1,0.5,-0.5,-0.25,18,108,0.5,0.25
465,0,0.5,-0.5,-0.25,20,204,-0.5,-0.25
466,0,-0.5,-0.5,0.25,11,103,0.5,-0.25
467,0,-0.5,0.5,-0.25,15,405,0.0,-0.0
468,0,0.5,-0.5,-0.25,21,101,0.5,0.25
469,0,-0.5,-0.5,0.25,15,202,-0.5,0.25
470,0,-0.5,0.5,-0.25,13,403,0.0,-0.0
471,-1,0.5,-0.5,-0.25,20,102,0.5,0.25
472,0,0.5,0.5,0.25,21,402,0.0,0.0
473,0,-0.5,0.5,-0.25,13,405,0.0,-0.0
474,0,0.5,0.5,0.25,18,406,0.0,0.0
475,0,0.5,0.5,0.25,20,304,0.0,0.0
476,0,-0.5,0.5,-0.25,15,403,0.0,-0.0
477,0,0.5,-0.5,-0.25,21,202,-0.5,-0.25
478,-1,0.5,-0.5,-0.25,18,103,0.5,0.25
479,0,-0.5,0.5,-0.25,15,404,0.0,-0.0
480,0,-0.5,0.5,-0.25,13,404,0.0,-0.0
481,-1,0.5,-0.5,-0.25,20,207,-0.5,-0.25
482,0,-0.5,0.5,-0.25,15,408,0.0,-0.0
483,0,-0.5,-0.5,0.25,13,207,-0.5,0.25
484,0,-0.5,-0.5,0.25,11,202,-0.5,0.25
485,0,-0.5,0.5,-0.25,15,304,0.0,-0.0
486,-1,0.5,-0.5,-0.25,20,108,0.5,0.25
487,0,0.5,0.5,0.25,21,303,0.0,0.0
488,0,-0.5,0.5,-0.25,15,402,0.0,-0.0
489,0,-0.5,-0.5,0.25,15,207,-0.5,0.25
490,0,-0.5,0.5,-0.25,11,305,0.0,-0.0
491,-1,0.5,-0.5,-0.25,18,106,0.5,0.25
492,0,0.5,-0.5,-0.25,20,208,-0.5,-0.25
493,-1,0.5,-0.5,-0.25,18,104,0.5,0.25
494,-1,0.5,0.5,0.25,20,406,0.0,0.0
495,0,0.5,0.5,0.25,21,305,0.0,0.0
496,0,-0.5,0.5,-0.25,11,301,0.0,-0.0
497,0,-0.5,-0.5,0.25,15,102,0.5,-0.25
498,-1,0.5,0.5,0.25,18,305,0.0,0.0
499,0,-0.5,0.5,-0.25,15,305,0.0,-0.0
500,0,0.5,0.5,0.25,21,404,0.0,0.0
501,0,-0.5,0.5,-0.25,13,401,0.0,-0.0
502,0,-0.5,-0.5,0.25,15,204,-0.5,0.25
503,0,-0.5,0.5,-0.25,13,406,0.0,-0.0
504,-1,0.5,-0.5,-0.25,20,104,0.5,0.25
505,0,-0.5,0.5,-0.25,15,407,0.0,-0.0
506,-1,0.5,-0.5,-0.25,18,102,0.5,0.25
507,0,-0.5,-0.5,0.25,13,201,-0.5,0.25
508,0,0.5,0.5,0.25,20,301,0.0,0.0
509,0,-0.5,0.5,-0.25,15,401,0.0,-0.0
510,0,-0.5,-0.5,0.25,13,208,-0.5,0.25
511,-1,0.5,-0.5,-0.25,21,102,0.5,0.25
512,0,-0.5,-0.5,0.25,11,204,-0.5,0.25
513,0,-0.5,-0.5,0.25,13,107,0.5,-0.25
514,0,0.5,0.5,0.25,21,307,0.0,0.0
515,0,-0.5,-0.5,0.25,15,203,-0.5,0.25
516,0,0.5,0.5,0.25,21,306,0.0,0.0
517,0,0.5,-0.5,-0.25,20,203,-0.5,-0.25
518,0,-0.5,-0.5,0.25,11,105,0.5,-0.25
519,0,-0.5,0.5,-0.25,15,301,0.0,-0.0
520,0,0.5,0.5,0.25,20,307,0.0,0.0
521,0,-0.5,0.5,-0.25,13,301,0.0,-0.0
522,0,-0.5,-0.5,0.25,15,201,-0.5,0.25
523,0,-0.5,-0.5,0.25,13,202,-0.5,0.25
524,0,0.5,0.5,0.25,21,405,0.0,0.0
525,0,-0.5,0.5,-0.25,15,302,0.0,-0.0
526,0,-0.5,0.5,-0.25,13,408,0.0,-0.0
527,-1,0.5,-0.5,-0.25,21,103,0.5,0.25
528,0,-0.5,0.5,-0.25,15,406,0.0,-0.0
529,0,-0.5,-0.5,0.25,13,105,0.5,-0.25
530,0,0.5,0.5,0.25,20,408,0.0,0.0
531,0,-0.5,-0.5,0.25,13,204,-0.5,0.25
532,-1,0.5,-0.5,-0.25,22,107,0.5,0.25
533,0,-0.5,-0.5,0.25,15,206,-0.5,0.25
534,0,0.5,0.5,0.25,20,305,0.0,0.0
535,0,-0.5,-0.5,0.25,15,108,0.5,-0.25
536,-1,0.5,-0.5,-0.25,20,107,0.5,0.25
537,0,0.5,-0.5,-0.25,21,104,0.5,0.25
538,0,-0.5,0.5,-0.25,11,303,0.0,-0.0
539,0,-0.5,-0.5,0.25,15,104,0.5,-0.25
540,0,-0.5,-0.5,0.25,15,101,0.5,-0.25
541,0,-0.5,0.5,-0.25,11,402,0.0,-0.0
542,0,0.5,-0.5,-0.25,21,204,-0.5,-0.25
543,0,-0.5,-0.5,0.25,13,203,-0.5,0.25
544,-1,0.5,-0.5,-0.25,20,105,0.5,0.25
545,0,-0.5,-0.5,0.25,13,103,0.5,-0.25
546,0,0.5,-0.5,-0.25,20,205,-0.5,-0.25
547,-1,0.5,0.5,0.25,22,303,0.0,0.0
548,0,-0.5,-0.5,0.25,11,205,-0.5,0.25
549,0,0.5,-0.5,-0.25,21,107,0.5,0.25
550,0,0.5,0.5,0.25,20,302,0.0,0.0
551,0,0.5,0.5,0.25,20,308,0.0,0.0
552,0,-0.5,0.5,-0.25,11,307,0.0,-0.0
553,0,0.5,-0.5,-0.25,21,108,0.5,0.25
554,0,0.5,0.5,0.25,22,405,0.0,0.0
555,0,0.5,-0.5,-0.25,20,201,-0.5,-0.25
556,0,-0.5,0.5,-0.25,13,307,0.0,-0.0
557,0,-0.5,0.5,-0.25,13,407,0.0,-0.0
558,0,-0.5,0.5,-0.25,11,406,0.0,-0.0
559,-1,0.5,-0.5,-0.25,20,106,0.5,0.25
560,0,0.5,-0.5,-0.25,21,203,-0.5,-0.25
561,0,0.5,0.5,0.25,22,308,0.0,0.0
562,0,0.5,0.5,0.25,20,303,0.0,0.0
563,0,0.5,-0.5,-0.25,21,106,0.5,0.25
564,-1,-0.5,-0.5,0.25,11,203,-0.5,0.25
565,0,0.5,0.5,0.25,20,306,0.0,0.0
566,0,0.5,-0.5,-0.25,21,205,-0.5,-0.25
567,-1,0.5,-0.5,-0.25,20,103,0.5,0.25
568,0,0.5,0.5,0.25,21,403,0.0,0.0
569,0,0.5,0.5,0.25,21,401,0.0,0.0
570,0,-0.5,0.5,-0.25,11,401,0.0,-0.0
571,0,0.5,0.5,0.25,21,408,0.0,0.0
572,-1,0.5,-0.5,-0.25,22,104,0.5,0.25
573,0,0.5,-0.5,-0.25,21,105,0.5,0.25
574,0,-0.5,0.5,-0.25,11,407,0.0,-0.0
575,0,0.5,-0.5,-0.25,22,204,-0.5,-0.25
576,0,0.5,0.5,0.25,21,302,0.0,0.0
577,0,0.5,0.5,0.25,22,402,0.0,0.0
578,0,-0.5,-0.5,0.25,11,107,0.5,-0.25
579,0,0.5,-0.5,-0.25,21,208,-0.5,-0.25
580,0,0.5,0.5,0.25,21,304,0.0,0.0
581,-1,0.5,-0.5,-0.25,21,206,-0.5,-0.25
582,-1,-0.5,-0.5,0.25,11,102,0.5,-0.25
583,0,0.5,-0.5,-0.25,22,208,-0.5,-0.25
584,0,0.5,0.5,0.25,22,403,0.0,0.0
585,0,0.5,0.5,0.25,21,301,0.0,0.0
586,0,-0.5,0.5,-0.25,11,306,0.0,-0.0
587,0,0.5,-0.5,-0.25,21,201,-0.5,-0.25
588,0,-0.5,-0.5,0.25,11,206,-0.5,0.25
589,0,0.5,-0.5,-0.25,22,201,-0.5,-0.25
590,0,-0.5,0.5,-0.25,11,308,0.0,-0.0
591,0,0.5,-0.5,-0.25,22,205,-0.5,-0.25
592,0,-0.5,-0.5,0.25,11,104,0.5,-0.25
593,0,0.5,0.5,0.25,28,305,0.0,0.0
594,-1,-0.5,-0.5,0.25,17,105,0.5,-0.25
595,0,0.5,0.5,0.25,28,303,0.0,0.0
596,0,-0.5,0.5,-0.25,17,403,0.0,-0.0
597,0,0.5,-0.5,-0.25,28,204,-0.5,-0.25
598,0,0.5,-0.5,-0.25,28,105,0.5,0.25
599,-1,-0.5,-0.5,0.25,17,103,0.5,-0.25
600,0,0.5,0.5,0.25,27,402,0.0,0.0
601,0,0.5,0.5,0.25,22,307,0.0,0.0
602,0,0.5,0.5,0.25,28,407,0.0,0.0
603,-1,0.5,0.5,0.25,27,401,0.0,0.0
604,-1,0.5,-0.5,-0.25,28,208,-0.5,-0.25
605,0,0.5,0.5,0.25,22,306,0.0,0.0
606,0,0.5,0.5,0.25,28,406,0.0,0.0
607,-1,-0.5,-0.5,0.25,17,106,0.5,-0.25
608,-1,0.5,-0.5,-0.25,27,104,0.5,0.25
609,0,-0.5,-0.5,0.25,17,205,-0.5,0.25
610,0,0.5,0.5,0.25,28,403,0.0,0.0
611,-1,0.5,-0.5,-0.25,22,105,0.5,0.25
612,0,-0.5,-0.5,0.25,17,208,-0.5,0.25
613,-1,0.5,0.5,0.25,22,404,0.0,0.0
614,0,0.5,-0.5,-0.25,28,201,-0.5,-0.25
615,0,-0.5,-0.5,0.25,17,201,-0.5,0.25
616,-1,0.5,-0.5,-0.25,27,208,-0.5,-0.25
617,-1,0.5,-0.5,-0.25,28,103,0.5,0.25
618,-1,0.5,-0.5,-0.25,27,103,0.5,0.25
619,-1,-0.5,-0.5,0.25,17,108,0.5,-0.25
620,0,0.5,-0.5,-0.25,22,206,-0.5,-0.25
621,0,0.5,0.5,0.25,28,307,0.0,0.0
622,0,0.5,-0.5,-0.25,27,206,-0.5,-0.25
623,0,0.5,0.5,0.25,28,405,0.0,0.0
624,0,0.5,-0.5,-0.25,22,101,0.5,0.25
625,0,-0.5,0.5,-0.25,17,405,0.0,-0.0
626,0,0.5,0.5,0.25,22,407,0.0,0.0
627,0,0.5,0.5,0.25,28,408,0.0,0.0
628,0,-0.5,0.5,-0.25,17,307,0.0,-0.0
629,-1,0.5,-0.5,-0.25,27,102,0.5,0.25
630,0,0.5,0.5,0.25,22,408,0.0,0.0
631,0,-0.5,0.5,-0.25,17,408,0.0,-0.0
632,0,0.5,-0.5,-0.25,28,206,-0.5,-0.25
633,-1,0.5,0.5,0.25,22,401,0.0,0.0
634,0,-0.5,-0.5,0.25,17,207,-0.5,0.25
635,-1,0.5,-0.5,-0.25,28,205,-0.5,-0.25
636,0,0.5,0.5,0.25,27,405,0.0,0.0
637,-1,0.5,-0.5,-0.25,22,108,0.5,0.25
638,0,-0.5,0.5,-0.25,17,308,0.0,-0.0
639,-1,0.5,-0.5,-0.25,28,108,0.5,0.25
640,0,0.5,-0.5,-0.25,22,207,-0.5,-0.25
641,0,0.5,-0.5,-0.25,27,203,-0.5,-0.25
642,0,0.5,0.5,0.25,28,401,0.0,0.0
643,0,-0.5,-0.5,0.25,17,101,0.5,-0.25
644,0,0.5,0.5,0.25,27,407,0.0,0.0
645,0,0.5,-0.5,-0.25,28,202,-0.5,-0.25
646,0,0.5,0.5,0.25,22,304,0.0,0.0
647,0,-0.5,0.5,-0.25,17,305,0.0,-0.0
648,-1,0.5,0.5,0.25,27,308,0.0,0.0
649,0,-0.5,0.5,-0.25,17,406,0.0,-0.0
650,0,0.5,0.5,0.25,28,304,0.0,0.0
651,0,0.5,0.5,0.25,28,302,0.0,0.0
652,0,-0.5,-0.5,0.25,17,206,-0.5,0.25
653,0,0.5,0.5,0.25,28,306,0.0,0.0
654,0,0.5,-0.5,-0.25,22,203,-0.5,-0.25
655,0,0.5,0.5,0.25,29,401,0.0,0.0
656,-1,0.5,-0.5,-0.25,27,108,0.5,0.25
657,0,0.5,0.5,0.25,28,308,0.0,0.0
658,0,0.5,-0.5,-0.25,29,208,-0.5,-0.25
659,0,0.5,0.5,0.25,28,301,0.0,0.0
660,0,0.5,0.5,0.25,27,307,0.0,0.0
661,-1,-0.5,-0.5,0.25,17,102,0.5,-0.25
662,0,-0.5,-0.5,0.25,24,201,-0.5,0.25
663,-1,0.5,-0.5,-0.25,29,102,0.5,0.25
664,0,-0.5,-0.5,0.25,24,204,-0.5,0.25
665,-1,0.5,-0.5,-0.25,29,108,0.5,0.25
666,0,0.5,-0.5,-0.25,28,207,-0.5,-0.25
667,-1,-0.5,-0.5,0.25,17,104,0.5,-0.25
668,0,-0.5,0.5,-0.25,24,406,0.0,-0.0
669,0,0.5,-0.5,-0.25,29,201,-0.5,-0.25
670,0,0.5,0.5,0.25,27,404,0.0,0.0
671,0,0.5,0.5,0.25,29,402,0.0,0.0
672,0,0.5,0.5,0.25,27,403,0.0,0.0
673,-1,0.5,0.5,0.25,22,301,0.0,0.0
674,-1,0.5,-0.5,-0.25,29,105,0.5,0.25
675,-1,-0.5,-0.5,0.25,17,107,0.5,-0.25
676,0,0.5,0.5,0.25,29,306,0.0,0.0
677,-1,-0.5,-0.5,0.25,24,102,0.5,-0.25
678,-1,0.5,-0.5,-0.25,28,106,0.5,0.25
679,-1,0.5,0.5,0.25,22,305,0.0,0.0
680,-1,-0.5,-0.5,0.25,23,101,0.5,-0.25
681,-1,-0.5,0.5,-0.25,17,304,0.0,-0.0
682,-1,-0.5,-0.5,0.25,24,103,0.5,-0.25
683,0,0.5,-0.5,-0.25,27,204,-0.5,-0.25
684,-1,0.5,-0.5,-0.25,28,102,0.5,0.25
685,-1,-0.5,-0.5,0.25,24,108,0.5,-0.25
686,-1,-0.5,-0.5,0.25,17,202,-0.5,0.25
687,-1,0.5,0.5,0.25,29,408,0.0,0.0
688,0,-0.5,-0.5,0.25,23,106,0.5,-0.25
689,0,0.5,-0.5,-0.25,28,203,-0.5,-0.25
690,0,0.5,-0.5,-0.25,29,202,-0.5,-0.25
691,0,-0.5,0.5,-0.25,24,306,0.0,-0.0
692,0,-0.5,0.5,-0.25,23,408,0.0,-0.0
693,0,0.5,-0.5,-0.25,27,107,0.5,0.25
694,0,0.5,-0.5,-0.25,22,202,-0.5,-0.25
695,0,0.5,0.5,0.25,29,301,0.0,0.0
696,0,-0.5,0.5,-0.25,17,306,0.0,-0.0
697,0,-0.5,0.5,-0.25,23,406,0.0,-0.0
698,0,-0.5,0.5,-0.25,24,303,0.0,-0.0
699,-1,0.5,0.5,0.25,29,303,0.0,0.0
700,0,0.5,-0.5,-0.25,32,101,0.5,0.25
701,0,0.5,0.5,0.25,29,406,0.0,0.0
702,0,0.5,-0.5,-0.25,29,207,-0.5,-0.25
703,0,-0.5,0.5,-0.25,17,301,0.0,-0.0
704,0,-0.5,0.5,-0.25,24,308,0.0,-0.0
705,0,0.5,-0.5,-0.25,27,207,-0.5,-0.25
706,0,-0.5,0.5,-0.25,17,303,0.0,-0.0
707,0,0.5,-0.5,-0.25,22,106,0.5,0.25
708,0,0.5,-0.5,-0.25,29,203,-0.5,-0.25
709,-1,0.5,0.5,0.25,32,304,0.0,0.0
710,0,-0.5,0.5,-0.25,24,304,0.0,-0.0
711,0,0.5,-0.5,-0.25,27,105,0.5,0.25
712,0,-0.5,-0.5,0.25,24,208,-0.5,0.25
713,0,-0.5,0.5,-0.25,17,302,0.0,-0.0
714,0,-0.5,0.5,-0.25,23,301,0.0,-0.0
715,-1,0.5,-0.5,-0.25,28,101,0.5,0.25
716,0,0.5,0.5,0.25,29,307,0.0,0.0
717,0,0.5,0.5,0.25,27,408,0.0,0.0
718,0,0.5,-0.5,-0.25,32,203,-0.5,-0.25
719,0,-0.5,0.5,-0.25,26,307,0.0,-0.0
720,-1,0.5,0.5,0.25,22,406,0.0,0.0
721,-1,-0.5,-0.5,0.25,24,101,0.5,-0.25
722,0,0.5,0.5,0.25,28,404,0.0,0.0
723,0,0.5,0.5,0.25,29,308,0.0,0.0
724,0,-0.5,-0.5,0.25,26,204,-0.5,0.25
725,0,0.5,-0.5,-0.25,29,101,0.5,0.25
726,0,-0.5,0.5,-0.25,17,402,0.0,-0.0
727,0,-0.5,-0.5,0.25,23,205,-0.5,0.25
728,0,0.5,0.5,0.25,27,305,0.0,0.0
729,-1,-0.5,-0.5,0.25,24,107,0.5,-0.25
730,0,0.5,0.5,0.25,29,302,0.0,0.0
731,0,-0.5,0.5,-0.25,17,401,0.0,-0.0
732,-1,0.5,0.5,0.25,32,301,0.0,0.0
733,0,0.5,0.5,0.25,29,405,0.0,0.0
734,0,0.5,-0.5,-0.25,27,101,0.5,0.25
735,0,-0.5,-0.5,0.25,24,206,-0.5,0.25
736,0,0.5,0.5,0.25,22,302,0.0,0.0
737,0,0.5,-0.5,-0.25,28,107,0.5,0.25
738,0,-0.5,0.5,-0.25,23,307,0.0,-0.0
739,0,-0.5,0.5,-0.25,17,407,0.0,-0.0
740,0,-0.5,0.5,-0.25,24,403,0.0,-0.0
741,0,-0.5,0.5,-0.25,26,305,0.0,-0.0
742,-1,0.5,-0.5,-0.25,28,104,0.5,0.25
743,0,0.5,-0.5,-0.25,32,201,-0.5,-0.25
744,0,0.5,0.5,0.25,27,306,0.0,0.0
745,-2,-0.5,0.5,-0.25,23,407,0.0,-0.0
746,0,-0.5,0.5,-0.25,24,402,0.0,-0.0
747,0,-0.5,-0.5,0.25,17,204,-0.5,0.25
748,0,0.5,-0.5,-0.25,22,102,0.5,0.25
749,0,0.5,0.5,0.25,28,402,0.0,0.0
750,0,0.5,-0.5,-0.25,29,206,-0.5,-0.25
751,0,-0.5,-0.5,0.25,24,202,-0.5,0.25
752,0,-0.5,0.5,-0.25,24,408,0.0,-0.0
753,0,-0.5,-0.5,0.25,26,102,0.5,-0.25
754,0,0.5,-0.5,-0.25,29,205,-0.5,-0.25
755,-1,-0.5,-0.5,0.25,23,103,0.5,-0.25
756,0,0.5,-0.5,-0.25,27,201,-0.5,-0.25
757,-1,0.5,-0.5,-0.25,32,106,0.5,0.25
758,0,-0.5,0.5,-0.25,23,404,0.0,-0.0
759,0,0.5,0.5,0.25,27,304,0.0,0.0
760,-1,0.5,-0.5,-0.25,32,107,0.5,0.25
761,0,0.5,-0.5,-0.25,29,104,0.5,0.25
762,0,-0.5,-0.5,0.25,17,203,-0.5,0.25
763,0,0.5,-0.5,-0.25,22,103,0.5,0.25
764,0,-0.5,-0.5,0.25,26,207,-0.5,0.25
765,0,-0.5,-0.5,0.25,23,207,-0.5,0.25
766,0,-0.5,0.5,-0.25,24,404,0.0,-0.0
767,0,-0.5,0.5,-0.25,17,404,0.0,-0.0
768,0,-0.5,0.5,-0.25,23,303,0.0,-0.0
769,-1,-0.5,-0.5,0.25,24,106,0.5,-0.25
770,-1,-0.5,-0.5,0.25,26,106,0.5,-0.25
771,0,0.5,0.5,0.25,29,403,0.0,0.0
772,0,0.5,0.5,0.25,27,301,0.0,0.0
773,0,-0.5,-0.5,0.25,24,203,-0.5,0.25
774,0,0.5,0.5,0.25,29,305,0.0,0.0
775,0,0.5,-0.5,-0.25,32,208,-0.5,-0.25
776,0,0.5,0.5,0.25,27,303,0.0,0.0
777,0,-0.5,0.5,-0.25,26,306,0.0,-0.0
778,0,-0.5,-0.5,0.25,23,203,-0.5,0.25
779,0,-0.5,0.5,-0.25,24,302,0.0,-0.0
780,0,0.5,0.5,0.25,29,304,0.0,0.0
781,0,-0.5,-0.5,0.25,26,105,0.5,-0.25
782,0,-0.5,-0.5,0.25,23,202,-0.5,0.25
783,0,-0.5,0.5,-0.25,24,305,0.0,-0.0
784,0,0.5,0.5,0.25,29,407,0.0,0.0
785,0,0.5,0.5,0.25,32,302,0.0,0.0
786,0,-0.5,-0.5,0.25,26,201,-0.5,0.25
787,0,0.5,-0.5,-0.25,27,106,0.5,0.25
788,-1,-0.5,-0.5,0.25,23,108,0.5,-0.25
789,0,-0.5,-0.5,0.25,26,107,0.5,-0.25
790,0,-0.5,0.5,-0.25,24,405,0.0,-0.0
791,0,0.5,-0.5,-0.25,32,204,-0.5,-0.25
792,0,-0.5,0.5,-0.25,26,408,0.0,-0.0
793,0,-0.5,0.5,-0.25,26,402,0.0,-0.0
794,0,0.5,-0.5,-0.25,27,205,-0.5,-0.25
795,0,-0.5,-0.5,0.25,24,205,-0.5,0.25
796,0,0.5,-0.5,-0.25,29,106,0.5,0.25
797,0,-0.5,0.5,-0.25,24,401,0.0,-0.0
798,0,-0.5,-0.5,0.25,26,206,-0.5,0.25
799,0,0.5,-0.5,-0.25,27,202,-0.5,-0.25
800,0,0.5,-0.5,-0.25,29,103,0.5,0.25
801,-1,-0.5,-0.5,0.25,23,107,0.5,-0.25
802,0,-0.5,0.5,-0.25,24,301,0.0,-0.0
803,0,-0.5,0.5,-0.25,26,407,0.0,-0.0
804,0,0.5,-0.5,-0.25,29,204,-0.5,-0.25
805,-1,0.5,0.5,0.25,32,307,0.0,0.0
806,0,0.5,-0.5,-0.25,29,107,0.5,0.25
807,0,-0.5,-0.5,0.25,26,203,-0.5,0.25
808,0,0.5,0.5,0.25,29,404,0.0,0.0
809,0,-0.5,0.5,-0.25,26,401,0.0,-0.0
810,0,-0.5,-0.5,0.25,23,208,-0.5,0.25
811,0,-0.5,-0.5,0.25,24,207,-0.5,0.25
812,0,-0.5,0.5,-0.25,26,303,0.0,-0.0
813,0,-0.5,0.5,-0.25,24,407,0.0,-0.0
814,-1,-0.5,-0.5,0.25,24,104,0.5,-0.25
815,0,-0.5,0.5,-0.25,26,301,0.0,-0.0
816,0,-0.5,0.5,-0.25,24,307,0.0,-0.0
817,0,-0.5,0.5,-0.25,26,403,0.0,-0.0
818,0,0.5,-0.5,-0.25,32,207,-0.5,-0.25
819,-1,-0.5,-0.5,0.25,24,105,0.5,-0.25
820,0,-0.5,-0.5,0.25,26,202,-0.5,0.25
821,0,0.5,0.5,0.25,27,302,0.0,0.0
822,0,-0.5,-0.5,0.25,26,103,0.5,-0.25
823,-1,0.5,-0.5,-0.25,32,108,0.5,0.25
824,0,-0.5,-0.5,0.25,23,201,-0.5,0.25
825,0,0.5,0.5,0.25,27,406,0.0,0.0
826,0,-0.5,-0.5,0.25,26,205,-0.5,0.25
827,0,-0.5,-0.5,0.25,23,204,-0.5,0.25
828,-1,0.5,-0.5,-0.25,32,103,0.5,0.25
829,0,-0.5,0.5,-0.25,26,406,0.0,-0.0
830,0,0.5,0.5,0.25,32,404,0.0,0.0
831,0,-0.5,-0.5,0.25,26,104,0.5,-0.25
832,0,-0.5,0.5,-0.25,26,405,0.0,-0.0
833,0,0.5,0.5,0.25,32,403,0.0,0.0
834,0,-0.5,0.5,-0.25,26,302,0.0,-0.0
835,0,0.5,0.5,0.25,32,303,0.0,0.0
836,-1,0.5,0.5,0.25,16,404,0.0,0.0
837,0,-0.5,-0.5,0.25,23,105,0.5,-0.25
838,0,-0.5,-0.5,0.25,26,208,-0.5,0.25
839,0,-0.5,0.5,-0.25,26,308,0.0,-0.0
840,0,-0.5,0.5,-0.25,23,306,0.0,-0.0
841,0,-0.5,-0.5,0.25,26,108,0.5,-0.25
842,0,-0.5,-0.5,0.25,26,101,0.5,-0.25
843,0,0.5,0.5,0.25,32,405,0.0,0.0
844,0,-0.5,0.5,-0.25,26,404,0.0,-0.0
845,0,-0.5,0.5,-0.25,26,304,0.0,-0.0
846,0,0.5,0.5,0.25,32,407,0.0,0.0
847,-1,0.5,0.5,0.25,16,305,0.0,0.0
848,0,0.5,0.5,0.25,16,401,0.0,0.0
849,0,0.5,0.5,0.25,32,401,0.0,0.0
850,-1,0.5,-0.5,-0.25,32,206,-0.5,-0.25
851,0,-0.5,0.5,-0.25,23,302,0.0,-0.0
852,0,0.5,0.5,0.25,16,405,0.0,0.0
853,0,-0.5,0.5,-0.25,23,403,0.0,-0.0
854,0,0.5,0.5,0.25,16,303,0.0,0.0
855,0,-0.5,0.5,-0.25,23,402,0.0,-0.0
856,0,0.5,-0.5,-0.25,32,205,-0.5,-0.25
857,0,-0.5,0.5,-0.25,23,405,0.0,-0.0
858,0,0.5,0.5,0.25,32,402,0.0,0.0
859,0,0.5,-0.5,-0.25,32,202,-0.5,-0.25
860,0,-0.5,-0.5,0.25,23,102,0.5,-0.25
861,-1,0.5,-0.5,-0.25,16,108,0.5,0.25
862,-1,0.5,-0.5,-0.25,32,104,0.5,0.25
863,0,0.5,0.5,0.25,32,305,0.0,0.0
864,0,0.5,-0.5,-0.25,16,205,-0.5,-0.25
865,0,0.5,0.5,0.25,32,408,0.0,0.0
866,0,-0.5,0.5,-0.25,23,304,0.0,-0.0
867,0,-0.5,-0.5,0.25,23,104,0.5,-0.25
868,0,0.5,-0.5,-0.25,35,206,-0.5,-0.25
869,0,-0.5,0.5,-0.25,23,401,0.0,-0.0
870,-1,0.5,-0.5,-0.25,32,105,0.5,0.25
871,0,-0.5,0.5,-0.25,23,308,0.0,-0.0
872,0,0.5,-0.5,-0.25,35,207,-0.5,-0.25
873,-1,0.5,0.5,0.25,32,306,0.0,0.0
874,0,-0.5,-0.5,0.25,23,206,-0.5,0.25
875,-1,0.5,0.5,0.25,35,405,0.0,0.0
876,0,0.5,0.5,0.25,32,406,0.0,0.0
877,0,-0.5,0.5,-0.25,23,305,0.0,-0.0
878,-1,0.5,0.5,0.25,35,402,0.0,0.0
879,-1,0.5,-0.5,-0.25,32,102,0.5,0.25
880,-1,0.5,-0.5,-0.25,35,205,-0.5,-0.25
881,0,0.5,0.5,0.25,32,308,0.0,0.0
882,0,0.5,0.5,0.25,16,402,0.0,0.0
883,0,0.5,0.5,0.25,16,301,0.0,0.0
884,-1,0.5,-0.5,-0.25,35,104,0.5,0.25
885,0,0.5,0.5,0.25,16,403,0.0,0.0
886,0,-0.5,-0.5,0.25,31,208,-0.5,0.25
887,0,0.5,-0.5,-0.25,16,203,-0.5,-0.25
888,0,0.5,-0.5,-0.25,35,201,-0.5,-0.25
889,0,0.5,-0.5,-0.25,16,206,-0.5,-0.25
890,0,0.5,0.5,0.25,16,308,0.0,0.0
891,0,-0.5,-0.5,0.25,31,103,0.5,-0.25
892,-1,0.5,0.5,0.25,35,404,0.0,0.0
893,0,-0.5,0.5,-0.25,31,308,0.0,-0.0
894,-1,0.5,-0.5,-0.25,16,107,0.5,0.25
895,0,-0.5,-0.5,0.25,31,102,0.5,-0.25
896,0,0.5,0.5,0.25,35,407,0.0,0.0
897,0,0.5,0.5,0.25,16,304,0.0,0.0
898,0,-0.5,-0.5,0.25,30,104,0.5,-0.25
899,0,0.5,0.5,0.25,35,304,0.0,0.0
900,0,-0.5,-0.5,0.25,31,105,0.5,-0.25
901,0,-0.5,0.5,-0.25,30,305,0.0,-0.0
902,0,-0.5,0.5,-0.25,31,306,0.0,-0.0
903,0,-0.5,0.5,-0.25,30,308,0.0,-0.0
904,0,0.5,0.5,0.25,16,302,0.0,0.0
905,0,-0.5,0.5,-0.25,30,303,0.0,-0.0
906,0,0.5,0.5,0.25,35,403,0.0,0.0
907,0,-0.5,0.5,-0.25,31,304,0.0,-0.0
908,0,0.5,0.5,0.25,35,401,0.0,0.0
909,-1,-0.5,-0.5,0.25,30,105,0.5,-0.25
910,0,-0.5,0.5,-0.25,31,404,0.0,-0.0
911,0,-0.5,0.5,-0.25,30,304,0.0,-0.0
912,0,-0.5,0.5,-0.25,31,305,0.0,-0.0
913,0,0.5,0.5,0.25,35,307,0.0,0.0
914,-1,0.5,-0.5,-0.25,16,105,0.5,0.25
915,0,-0.5,-0.5,0.25,30,101,0.5,-0.25
916,-1,0.5,-0.5,-0.25,37,103,0.5,0.25
917,0,-0.5,0.5,-0.25,30,402,0.0,-0.0
918,-1,0.5,-0.5,-0.25,16,104,0.5,0.25
919,-1,0.5,-0.5,-0.25,35,101,0.5,0.25
920,0,-0.5,0.5,-0.25,31,307,0.0,-0.0
921,0,0.5,0.5,0.25,37,403,0.0,0.0
922,0,-0.5,-0.5,0.25,31,204,-0.5,0.25
923,0,0.5,-0.5,-0.25,35,203,-0.5,-0.25
924,0,-0.5,0.5,-0.25,30,301,0.0,-0.0
925,0,0.5,-0.5,-0.25,16,208,-0.5,-0.25
926,0,-0.5,0.5,-0.25,31,408,0.0,-0.0
927,-1,0.5,-0.5,-0.25,35,102,0.5,0.25
928,0,0.5,0.5,0.25,16,407,0.0,0.0
929,0,0.5,0.5,0.25,35,306,0.0,0.0
930,0,-0.5,-0.5,0.25,31,107,0.5,-0.25
931,-1,0.5,-0.5,-0.25,35,103,0.5,0.25
932,0,-0.5,-0.5,0.25,30,204,-0.5,0.25
933,0,0.5,-0.5,-0.25,16,207,-0.5,-0.25
934,0,-0.5,0.5,-0.25,30,404,0.0,-0.0
935,0,0.5,-0.5,-0.25,37,101,0.5,0.25
936,0,-0.5,-0.5,0.25,31,207,-0.5,0.25
937,0,-0.5,-0.5,0.25,30,208,-0.5,0.25
938,-1,0.5,-0.5,-0.25,35,107,0.5,0.25
939,0,-0.5,0.5,-0.25,30,302,0.0,-0.0
940,0,-0.5,0.5,-0.25,30,408,0.0,-0.0
941,0,-0.5,-0.5,0.25,31,203,-0.5,0.25
942,0,0.5,-0.5,-0.25,16,101,0.5,0.25
943,-1,0.5,-0.5,-0.25,37,102,0.5,0.25
944,0,0.5,-0.5,-0.25,35,204,-0.5,-0.25
945,0,-0.5,0.5,-0.25,30,307,0.0,-0.0
946,0,-0.5,-0.5,0.25,31,202,-0.5,0.25
947,0,0.5,-0.5,-0.25,16,106,0.5,0.25
948,0,-0.5,0.5,-0.25,31,406,0.0,-0.0
949,0,0.5,-0.5,-0.25,37,201,-0.5,-0.25
950,0,0.5,0.5,0.25,16,307,0.0,0.0
951,0,-0.5,0.5,-0.25,30,306,0.0,-0.0
952,0,0.5,-0.5,-0.25,35,208,-0.5,-0.25
953,0,-0.5,-0.5,0.25,30,203,-0.5,0.25
954,0,0.5,0.5,0.25,37,406,0.0,0.0
955,0,0.5,0.5,0.25,16,406,0.0,0.0
956,-1,0.5,0.5,0.25,35,406,0.0,0.0
957,-1,-0.5,-0.5,0.25,30,102,0.5,-0.25
958,0,-0.5,-0.5,0.25,31,106,0.5,-0.25
959,0,0.5,0.5,0.25,37,408,0.0,0.0
960,0,0.5,0.5,0.25,35,308,0.0,0.0
961,0,-0.5,-0.5,0.25,30,201,-0.5,0.25
962,0,0.5,0.5,0.25,37,306,0.0,0.0
963,0,0.5,0.5,0.25,35,302,0.0,0.0
964,0,-0.5,0.5,-0.25,31,407,0.0,-0.0
965,0,0.5,0.5,0.25,35,301,0.0,0.0
966,0,-0.5,-0.5,0.25,30,206,-0.5,0.25
967,0,0.5,-0.5,-0.25,16,202,-0.5,-0.25
968,0,0.5,0.5,0.25,37,307,0.0,0.0
969,0,-0.5,-0.5,0.25,31,201,-0.5,0.25
970,-1,0.5,-0.5,-0.25,35,105,0.5,0.25
971,0,-0.5,-0.5,0.25,31,108,0.5,-0.25
972,-1,-0.5,-0.5,0.25,30,106,0.5,-0.25
973,0,0.5,-0.5,-0.25,35,106,0.5,0.25
974,0,0.5,0.5,0.25,37,401,0.0,0.0
975,0,-0.5,-0.5,0.25,30,205,-0.5,0.25
976,0,-0.5,0.5,-0.25,31,303,0.0,-0.0
977,0,0.5,0.5,0.25,35,303,0.0,0.0
978,0,0.5,-0.5,-0.25,35,108,0.5,0.25
979,-1,-0.5,0.5,-0.25,30,405,0.0,-0.0
980,0,-0.5,-0.5,0.25,31,104,0.5,-0.25
981,0,0.5,0.5,0.25,37,301,0.0,0.0
982,0,0.5,-0.5,-0.25,35,202,-0.5,-0.25
983,0,0.5,0.5,0.25,37,407,0.0,0.0
984,0,-0.5,0.5,-0.25,31,403,0.0,-0.0
985,0,0.5,-0.5,-0.25,37,205,-0.5,-0.25
986,0,0.5,0.5,0.25,35,305,0.0,0.0
987,-1,-0.5,0.5,-0.25,30,401,0.0,-0.0
988,0,-0.5,-0.5,0.25,31,205,-0.5,0.25
989,0,0.5,0.5,0.25,35,408,0.0,0.0
990,-1,-0.5,-0.5,0.25,30,207,-0.5,0.25
991,0,0.5,-0.5,-0.25,37,208,-0.5,-0.25
992,0,-0.5,0.5,-0.25,30,403,0.0,-0.0
993,0,-0.5,0.5,-0.25,31,402,0.0,-0.0
994,0,-0.5,-0.5,0.25,31,206,-0.5,0.25
995,0,0.5,0.5,0.25,37,402,0.0,0.0
996,0,-0.5,-0.5,0.25,30,202,-0.5,0.25
997,0,-0.5,-0.5,0.25,31,101,0.5,-0.25
998,0,-0.5,0.5,-0.25,31,302,0.0,-0.0
999,0,-0.5,0.5,-0.25,30,407,0.0,-0.0
1000,0,-0.5,-0.5,0.25,30,107,0.5,-0.25
1001,0,-0.5,0.5,-0.25,31,405,0.0,-0.0
1002,-1,-0.5,-0.5,0.25,30,103,0.5,-0.25
1003,0,-0.5,0.5,-0.25,31,401,0.0,-0.0
1004,-1,-0.5,0.5,-0.25,30,406,0.0,-0.0
1005,0,-0.5,0.5,-0.25,31,301,0.0,-0.0
1006,0,0.5,-0.5,-0.25,37,104,0.5,0.25
1007,-1,-0.5,-0.5,0.25,30,108,0.5,-0.25
1008,0,0.5,-0.5,-0.25,37,105,0.5,0.25
1009,0,0.5,0.5,0.25,37,302,0.0,0.0
1010,-1,-0.5,-0.5,0.25,36,102,0.5,-0.25
1011,0,0.5,0.5,0.25,37,303,0.0,0.0
1012,0,-0.5,0.5,-0.25,36,408,0.0,-0.0
1013,0,0.5,-0.5,-0.25,37,106,0.5,0.25
1014,0,-0.5,-0.5,0.25,36,208,-0.5,0.25
1015,0,0.5,0.5,0.25,37,308,0.0,0.0
1016,0,-0.5,0.5,-0.25,36,301,0.0,-0.0
1017,0,0.5,0.5,0.25,37,404,0.0,0.0
1018,0,-0.5,-0.5,0.25,36,105,0.5,-0.25
1019,0,-0.5,0.5,-0.25,36,403,0.0,-0.0
1020,0,-0.5,-0.5,0.25,36,204,-0.5,0.25
1021,0,0.5,-0.5,-0.25,37,207,-0.5,-0.25
1022,0,-0.5,-0.5,0.25,36,101,0.5,-0.25
1023,0,0.5,0.5,0.25,37,405,0.0,0.0
1024,0,-0.5,0.5,-0.25,34,408,0.0,-0.0
1025,0,-0.5,0.5,-0.25,36,307,0.0,-0.0
1026,0,-0.5,0.5,-0.25,36,407,0.0,-0.0
1027,0,0.5,-0.5,-0.25,37,202,-0.5,-0.25
1028,0,-0.5,0.5,-0.25,36,404,0.0,-0.0
1029,0,-0.5,-0.5,0.25,36,202,-0.5,0.25
1030,0,-0.5,-0.5,0.25,36,206,-0.5,0.25
1031,0,-0.5,-0.5,0.25,36,205,-0.5,0.25
1032,0,-0.5,0.5,-0.25,36,308,0.0,-0.0
1033,0,-0.5,0.5,-0.25,36,302,0.0,-0.0
1034,0,-0.5,-0.5,0.25,36,203,-0.5,0.25
1035,0,0.5,0.5,0.25,37,304,0.0,0.0
1036,-1,-0.5,-0.5,0.25,36,107,0.5,-0.25
1037,0,0.5,0.5,0.25,37,305,0.0,0.0
1038,0,-0.5,0.5,-0.25,36,406,0.0,-0.0
1039,0,-0.5,-0.5,0.25,36,104,0.5,-0.25
1040,0,-0.5,0.5,-0.25,36,401,0.0,-0.0
1041,0,-0.5,0.5,-0.25,36,405,0.0,-0.0
1042,0,-0.5,0.5,-0.25,36,402,0.0,-0.0
1043,0,0.5,-0.5,-0.25,37,107,0.5,0.25
1044,-1,-0.5,-0.5,0.25,34,107,0.5,-0.25
1045,0,0.5,-0.5,-0.25,37,206,-0.5,-0.25
1046,0,-0.5,0.5,-0.25,36,306,0.0,-0.0
1047,0,-0.5,0.5,-0.25,34,301,0.0,-0.0
1048,0,0.5,-0.5,-0.25,37,203,-0.5,-0.25
1049,0,-0.5,0.5,-0.25,36,303,0.0,-0.0
1050,0,-0.5,0.5,-0.25,36,304,0.0,-0.0
1051,0,-0.5,-0.5,0.25,34,101,0.5,-0.25
1052,0,-0.5,-0.5,0.25,36,106,0.5,-0.25
1053,0,-0.5,0.5,-0.25,34,304,0.0,-0.0
